RF154,2016-11-22T22:07:03Z,0
RCDC4,2016-11-25T16:25:21Z,1
R10DC,2016-11-25T16:25:58Z,1
R2285,2016-11-26T20:05:13Z,1
R454A,2016-11-29T15:21:58Z,0
RAD90,2016-11-30T16:43:34Z,0
R034B,2016-12-01T19:38:48Z,0
R71AD,2016-12-01T20:26:28Z,1
R1FBA,2016-12-02T01:27:28Z,0
R368D,2016-12-02T01:30:51Z,1
R1607,2016-12-02T01:33:30Z,1
RA28E,2016-12-02T03:45:09Z,0
R0F05,2016-12-02T16:47:14Z,1
R2715,2016-12-02T18:31:35Z,1
RF332,2016-12-02T19:40:27Z,1
R5966,2016-12-02T21:48:13Z,1
RDD33,2016-12-02T23:27:34Z,0
R0F1A,2016-12-02T23:27:40Z,1
RD849,2016-12-03T01:30:28Z,1
R86D4,2016-12-03T03:51:14Z,1
R1E65,2016-12-03T04:53:29Z,0
R3EA6,2016-12-03T19:39:51Z,1
R7EE4,2016-12-04T02:31:45Z,0
R70D3,2016-12-04T04:29:44Z,0
RFD2F,2016-12-04T17:45:14Z,1
R206B,2016-12-04T18:36:27Z,1
R6B23,2016-12-04T20:00:04Z,0
REAE8,2016-12-04T20:56:48Z,1
R615F,2016-12-05T01:44:56Z,0
RBEE5,2016-12-05T13:31:38Z,0
RDD01,2016-12-05T14:27:01Z,1
R3A31,2016-12-05T14:31:49Z,1
R99CF,2016-12-05T15:33:22Z,1
RB508,2016-12-05T16:13:23Z,0
R5F75,2016-12-05T18:50:47Z,1
R032A,2016-12-05T21:40:04Z,0
RC069,2016-12-05T23:38:08Z,1
R9EE9,2016-12-06T00:08:11Z,0
RF39A,2016-12-06T00:22:26Z,0
R6FF2,2016-12-06T00:23:47Z,1
RAA38,2016-12-06T00:29:07Z,1
R26C6,2016-12-06T00:56:04Z,1
R533A,2016-12-06T02:02:54Z,1
R22A6,2016-12-06T02:45:11Z,0
RA993,2016-12-06T03:15:49Z,0
R22C0,2016-12-06T03:43:23Z,0
R7BF2,2016-12-06T04:21:18Z,1
R2339,2016-12-06T05:54:11Z,0
RA73B,2016-12-06T06:09:53Z,0
R70B6,2016-12-06T06:21:51Z,1
RCCD5,2016-12-06T06:42:09Z,1
R5A78,2016-12-06T09:17:36Z,1
RE797,2016-12-06T15:33:19Z,1
RADF7,2016-12-06T16:50:31Z,0
R07EB,2016-12-06T20:27:09Z,1
R4CF0,2016-12-06T21:27:52Z,0
R02DC,2016-12-06T23:37:21Z,1
RD3B2,2016-12-07T00:46:53Z,0
R11D5,2016-12-07T02:51:49Z,0
R5D0D,2016-12-07T04:11:09Z,0
RA321,2016-12-08T01:53:07Z,1
R21C9,2016-12-08T20:03:54Z,1
RA65A,2016-12-08T20:31:48Z,1
R570D,2016-12-08T21:50:16Z,0
R3967,2016-12-08T23:23:03Z,1
RB0A4,2016-12-08T23:26:49Z,1
RCD57,2016-12-09T04:29:19Z,1
R8618,2016-12-09T14:19:03Z,0
RDE64,2016-12-09T22:35:37Z,1
R8D1C,2016-12-09T23:15:33Z,0
RCC8F,2016-12-10T00:31:13Z,0
R3AA7,2016-12-10T02:01:16Z,0
R8C5B,2016-12-10T03:00:36Z,0
RFECF,2016-12-10T05:03:55Z,0
R5C08,2016-12-10T06:25:22Z,1
RA0BE,2016-12-10T16:31:10Z,1
RF7DC,2016-12-10T16:55:09Z,1
R77D0,2016-12-10T19:26:17Z,0
R5D70,2016-12-11T01:31:02Z,1
RF0FD,2016-12-11T01:41:15Z,0
R066F,2016-12-11T01:46:16Z,0
RB0D2,2016-12-11T01:46:23Z,1
R0825,2016-12-11T02:08:00Z,0
RA5A8,2016-12-11T02:20:59Z,0
R29F2,2016-12-11T04:00:03Z,1
RA89C,2016-12-11T04:07:35Z,0
RB511,2016-12-11T13:38:42Z,1
R1A44,2016-12-11T15:51:35Z,1
R4F11,2016-12-11T16:01:35Z,0
R9F1B,2016-12-11T16:02:06Z,1
RE7F9,2016-12-11T17:30:35Z,0
R888B,2016-12-11T18:01:57Z,0
RCCE4,2016-12-11T18:10:17Z,0
R99B1,2016-12-11T18:15:07Z,0
R006A,2016-12-12T01:32:46Z,0
REB73,2016-12-12T07:23:24Z,1
RFFB7,2016-12-12T19:33:44Z,0
RF0A0,2016-12-12T23:28:42Z,0
R6E96,2016-12-12T23:49:54Z,0
RA4D8,2016-12-13T03:38:33Z,0
R2586,2016-12-13T04:42:41Z,0
R1ED5,2016-12-13T10:03:08Z,0
R4B80,2016-12-13T11:24:12Z,1
RE025,2016-12-14T14:59:32Z,0
RC3E5,2016-12-15T01:42:55Z,0
R1355,2016-12-15T16:12:51Z,0
RDD79,2016-12-15T16:58:25Z,1
R0461,2016-12-15T20:44:13Z,0
R8C42,2016-12-16T21:46:00Z,1
RD917,2016-12-16T22:30:34Z,0
RF4A5,2016-12-17T06:49:01Z,0
R6588,2016-12-17T17:09:07Z,0
RCC8B,2016-12-18T12:58:38Z,0
R8B58,2016-12-19T15:07:56Z,0
RD4A6,2016-12-19T20:58:50Z,1
R33DE,2016-12-20T02:16:03Z,1
RCBC9,2016-12-20T05:44:47Z,0
R367E,2016-12-20T17:11:56Z,0
R4F51,2016-12-20T17:55:17Z,1
R0C26,2016-12-20T18:06:21Z,0
R71EC,2016-12-20T19:37:29Z,1
R24B9,2016-12-21T18:21:43Z,0
R6F5B,2016-12-22T04:36:02Z,1
R3950,2016-12-22T08:23:39Z,1
R6C05,2016-12-22T09:48:54Z,0
R5E0F,2016-12-22T22:51:39Z,1
R0B5A,2016-12-23T06:26:01Z,0
RA506,2016-12-24T09:37:15Z,1
R2C71,2016-12-24T23:05:20Z,0
R805D,2016-12-24T23:20:10Z,0
R9EBF,2016-12-25T00:05:30Z,0
RD2D3,2016-12-25T04:11:34Z,1
RE904,2016-12-25T04:36:39Z,0
R52BF,2016-12-25T23:05:30Z,1
RFE6E,2016-12-26T16:47:19Z,1
R4866,2016-12-27T01:21:29Z,1
R1D33,2016-12-27T04:00:00Z,0
R3BFD,2016-12-27T21:50:39Z,1
R9FF1,2016-12-28T01:59:09Z,1
RB4CB,2016-12-28T17:09:43Z,0
R567F,2016-12-29T02:41:50Z,0
R4639,2016-12-29T03:22:42Z,0
R4ACA,2016-12-29T16:02:46Z,0
RB574,2016-12-29T17:37:04Z,0
R7552,2016-12-29T20:33:55Z,1
R35C7,2016-12-29T20:50:49Z,1
RB411,2016-12-29T23:26:00Z,1
R3415,2016-12-30T03:22:01Z,1
RC4AC,2016-12-30T09:08:32Z,1
RB707,2016-12-31T08:48:51Z,0
R5FCA,2016-12-31T15:04:07Z,0
RAB98,2016-12-31T15:27:07Z,0
R0A9F,2016-12-31T16:54:29Z,0
R40AF,2016-12-31T17:07:40Z,0
RDC2E,2016-12-31T21:49:06Z,0
REA98,2017-01-01T06:00:59Z,0
RE218,2017-01-01T20:19:22Z,1
R0108,2017-01-01T20:36:16Z,0
RA256,2017-01-01T22:51:49Z,0
R329C,2017-01-02T02:19:43Z,0
RA614,2017-01-02T13:59:54Z,1
RC23F,2017-01-02T22:51:18Z,0
RD51F,2017-01-04T04:59:01Z,0
RF92D,2017-01-04T19:36:14Z,1
R44D6,2017-01-04T21:31:26Z,1
RAE21,2017-01-05T01:37:19Z,1
R88C2,2017-01-05T02:47:11Z,0
RE0A6,2017-01-05T08:00:25Z,1
RFE4F,2017-01-05T18:28:22Z,1
RAC78,2017-01-05T21:17:43Z,0
R36E7,2017-01-06T19:15:20Z,1
R98D6,2017-01-07T01:24:52Z,1
RED94,2017-01-07T05:05:15Z,0
R4506,2017-01-07T11:29:35Z,0
RD5F2,2017-01-07T13:21:19Z,0
RAB1A,2017-01-07T15:32:31Z,0
R9E82,2017-01-07T17:30:18Z,0
R1A17,2017-01-07T23:20:27Z,0
R5661,2017-01-08T14:56:00Z,1
RE4FA,2017-01-08T16:40:25Z,1
R1108,2017-01-08T22:57:04Z,1
R7D2D,2017-01-09T01:25:19Z,0
R404C,2017-01-09T01:36:31Z,1
R7D4D,2017-01-09T10:38:53Z,0
RA20F,2017-01-09T13:35:11Z,1
R3FB8,2017-01-09T21:20:33Z,0
RB4A8,2017-01-10T15:34:38Z,0
R5FBE,2017-01-11T13:50:29Z,1
R0AEB,2017-01-11T17:15:16Z,0
R40E8,2017-01-11T21:50:22Z,0
R2AB8,2017-01-11T22:45:16Z,0
RA8DB,2017-01-12T06:53:40Z,1
RFD8E,2017-01-12T07:50:49Z,0
R8B46,2017-01-12T17:20:15Z,0
RA14B,2017-01-12T18:52:05Z,1
R7A84,2017-01-12T19:29:46Z,0
RFE74,2017-01-12T20:23:36Z,0
R09C3,2017-01-12T22:50:09Z,1
R37BE,2017-01-13T15:53:08Z,0
R4738,2017-01-14T06:10:16Z,1
RD984,2017-01-14T12:32:57Z,1
R72AC,2017-01-14T12:40:51Z,1
R6EE9,2017-01-14T23:39:28Z,1
R10A1,2017-01-14T23:54:46Z,0
R6C07,2017-01-15T00:21:47Z,0
R7618,2017-01-15T00:30:41Z,0
R9F33,2017-01-15T00:45:00Z,0
R4519,2017-01-15T11:40:11Z,0
R96B0,2017-01-16T12:14:06Z,1
R5C96,2017-01-16T20:37:02Z,0
R7B50,2017-01-16T21:19:13Z,0
R8117,2017-01-16T22:18:50Z,0
R5124,2017-01-17T19:45:25Z,0
R45E1,2017-01-17T23:26:23Z,0
R97AF,2017-01-18T04:35:23Z,0
RDF14,2017-01-18T12:34:44Z,1
RFABD,2017-01-18T14:04:48Z,0
R006C,2017-01-18T23:06:41Z,0
R8BD7,2017-01-19T03:39:11Z,1
RD642,2017-01-19T11:48:13Z,0
R7643,2017-01-19T13:31:20Z,0
RD31E,2017-01-19T13:57:04Z,0
R0D9C,2017-01-19T15:34:28Z,0
R141E,2017-01-19T17:52:27Z,0
R2045,2017-01-19T18:21:41Z,0
R79F9,2017-01-19T19:00:58Z,1
RFD6B,2017-01-19T19:14:00Z,1
R00B5,2017-01-20T05:09:08Z,0
R4E74,2017-01-20T17:42:22Z,0
RB0B0,2017-01-20T18:07:05Z,0
RDF3D,2017-01-20T18:20:24Z,0
RCFC6,2017-01-20T19:19:12Z,1
RCBD9,2017-01-20T19:33:02Z,1
R398D,2017-01-21T03:10:57Z,0
REE67,2017-01-21T10:04:39Z,1
R78B8,2017-01-21T13:15:32Z,1
R5D95,2017-01-21T14:31:10Z,0
RCED4,2017-01-21T15:38:27Z,0
R2852,2017-01-21T19:06:49Z,1
R6F94,2017-01-22T06:22:53Z,1
R8633,2017-01-22T11:35:54Z,0
R1B1C,2017-01-22T20:25:34Z,0
R8BB4,2017-01-23T01:31:59Z,1
RA14E,2017-01-23T10:32:22Z,1
R6B73,2017-01-23T20:16:12Z,1
R85C3,2017-01-23T22:48:07Z,1
RCAB1,2017-01-25T17:59:54Z,0
R2B98,2017-01-25T18:38:35Z,1
R038C,2017-01-26T18:44:03Z,1
R9BC2,2017-01-26T19:50:13Z,0
R9E41,2017-01-26T21:28:50Z,0
R3FD9,2017-01-27T00:08:36Z,0
R82F5,2017-01-27T04:07:16Z,0
R3605,2017-01-27T07:34:35Z,1
RC98E,2017-01-27T15:26:28Z,1
RC713,2017-01-27T18:04:06Z,0
R6E92,2017-01-27T22:43:32Z,1
R8E3E,2017-01-27T23:30:03Z,0
R55E0,2017-01-28T03:46:30Z,0
R95F2,2017-01-28T20:00:26Z,1
RD7A0,2017-01-28T22:04:38Z,1
RE15B,2017-01-29T11:33:46Z,0
R898B,2017-01-29T15:38:29Z,0
RF71F,2017-01-29T16:55:30Z,1
R3B91,2017-01-30T09:26:32Z,0
R81EF,2017-01-30T12:56:46Z,0
R04F3,2017-01-30T19:39:38Z,1
RF0D9,2017-01-30T20:09:00Z,0
RC30C,2017-01-30T23:46:32Z,1
R00B9,2017-01-31T07:01:13Z,1
R4B1D,2017-01-31T07:57:51Z,0
RA6AE,2017-01-31T18:49:58Z,1
R194D,2017-02-01T17:17:51Z,0
R0CDE,2017-02-01T21:20:39Z,0
RBCA7,2017-02-02T19:32:18Z,0
RE9F2,2017-02-02T20:37:55Z,0
R5E0E,2017-02-02T23:54:53Z,0
R5BDD,2017-02-03T04:37:44Z,0
RC651,2017-02-03T16:00:26Z,0
RB8BB,2017-02-04T00:14:12Z,1
R7C93,2017-02-04T16:42:08Z,1
R5C4A,2017-02-05T10:02:58Z,0
R9475,2017-02-07T08:26:37Z,1
R6D3D,2017-02-07T13:23:41Z,1
R0CBB,2017-02-07T19:40:05Z,0
RFBA2,2017-02-07T20:32:09Z,0
R8989,2017-02-07T21:16:02Z,0
R9094,2017-02-08T05:27:57Z,0
R550B,2017-02-08T10:14:03Z,1
R4E78,2017-02-08T13:40:31Z,1
RC7A2,2017-02-08T20:48:58Z,0
RDB94,2017-02-09T01:01:39Z,0
RF724,2017-02-09T18:16:10Z,0
R43E7,2017-02-10T05:30:23Z,0
R49FD,2017-02-10T19:13:45Z,1
RC282,2017-02-11T11:51:02Z,0
RBCFC,2017-02-11T16:27:35Z,1
R4EC8,2017-02-12T12:46:25Z,0
RDE82,2017-02-12T19:13:18Z,0
R99B0,2017-02-14T10:41:27Z,0
R16FA,2017-02-15T08:47:39Z,0
R5DFC,2017-02-16T12:20:36Z,1
RA78B,2017-02-16T13:53:43Z,1
RBE37,2017-02-16T20:48:23Z,1
RC9AD,2017-02-17T23:26:06Z,1
REA67,2017-02-18T01:22:43Z,0
R1B9F,2017-02-18T20:00:40Z,1
R0ACB,2017-02-18T20:49:10Z,0
R0FE8,2017-02-18T21:13:23Z,0
R8086,2017-02-18T21:15:11Z,1
R0F08,2017-02-20T02:22:38Z,0
R869F,2017-02-20T09:29:40Z,0
RE4C9,2017-02-21T06:09:32Z,1
R2964,2017-02-21T06:22:45Z,1
R8473,2017-02-22T00:02:22Z,1
R0603,2017-02-22T07:09:21Z,0
RB572,2017-02-22T13:44:13Z,0
R9621,2017-02-22T21:44:23Z,1
R892F,2017-02-23T13:53:48Z,0
R5B7D,2017-02-24T09:58:58Z,1
R4FD1,2017-02-26T16:41:36Z,0
R85CD,2017-03-02T23:28:13Z,1
R912C,2017-03-05T13:24:58Z,1
R052F,2017-03-06T07:06:11Z,0
RCB43,2017-03-07T00:35:01Z,1
RAB8F,2017-03-07T04:33:37Z,0
R3051,2017-03-07T07:44:14Z,0
R9DAA,2017-03-08T08:07:53Z,1
RFAE6,2017-03-08T19:43:19Z,1
RB023,2017-03-09T17:42:29Z,0
R6795,2017-03-10T13:28:01Z,1
R5E70,2017-03-10T16:17:17Z,0
R1E9D,2017-03-10T17:25:05Z,1
R00A4,2017-03-10T17:29:41Z,1
R2794,2017-03-10T21:09:45Z,0
RC893,2017-03-11T19:32:39Z,0
R0F67,2017-03-11T23:57:51Z,0
RC7FC,2017-03-12T00:44:52Z,1
R3913,2017-03-12T02:30:57Z,0
R7397,2017-03-12T05:40:17Z,0
R49AE,2017-03-13T17:06:48Z,0
R2F2F,2017-03-14T10:16:45Z,0
R150A,2017-03-14T14:35:54Z,0
R0DEB,2017-03-14T17:14:54Z,0
R2930,2017-03-14T21:03:25Z,0
R4715,2017-03-15T13:52:06Z,1
R6370,2017-03-16T20:25:58Z,0
R42BF,2017-03-17T06:53:26Z,1
R57B6,2017-03-17T12:52:58Z,1
R0172,2017-03-18T20:25:16Z,0
RD8BC,2017-03-18T20:26:26Z,1
R30B9,2017-03-18T20:26:42Z,0
RA6B2,2017-03-18T21:24:21Z,1
R49E3,2017-03-18T23:10:57Z,0
REF7D,2017-03-19T00:02:19Z,1
RA1EE,2017-03-19T01:00:12Z,0
R9710,2017-03-19T14:45:36Z,0
RA419,2017-03-19T19:10:14Z,1
R289A,2017-03-19T19:36:05Z,0
R1C61,2017-03-20T05:56:50Z,0
R0B17,2017-03-20T08:43:40Z,0
R8A47,2017-03-20T11:00:41Z,0
RBE6A,2017-03-21T19:52:46Z,1
R73A1,2017-03-23T14:28:54Z,0
R1409,2017-03-24T17:47:17Z,0
RA430,2017-03-24T19:36:09Z,1
RDE07,2017-03-24T23:04:54Z,0
R93C9,2017-03-25T04:55:13Z,0
R845E,2017-03-25T16:09:33Z,0
RB041,2017-03-26T00:08:45Z,0
R448A,2017-03-26T14:07:34Z,0
R9440,2017-03-26T17:07:01Z,1
R0457,2017-03-27T18:26:40Z,0
R03B4,2017-03-29T20:39:11Z,0
R36D9,2017-03-31T09:40:51Z,0
REA08,2017-03-31T20:21:59Z,0
RD205,2017-04-01T11:47:45Z,0
RA3B7,2017-04-02T16:42:01Z,1
RA70D,2017-04-02T20:29:40Z,0
R6A6F,2017-04-02T22:08:07Z,1
R7A4C,2017-04-03T03:09:53Z,0
R1CA7,2017-04-04T04:33:10Z,0
R351D,2017-04-04T09:55:19Z,1
R2999,2017-04-04T12:49:59Z,1
RE23E,2017-04-04T14:01:36Z,0
R0589,2017-04-05T20:44:57Z,1
RDAC2,2017-04-07T14:08:49Z,1
RF23F,2017-04-08T04:42:30Z,0
R3945,2017-04-10T07:23:19Z,0
R8848,2017-04-12T05:37:24Z,0
RA866,2017-04-12T14:05:46Z,1
RB30B,2017-04-13T18:58:28Z,1
R9CF8,2017-04-13T20:42:42Z,0
RAB42,2017-04-13T22:07:35Z,1
R5982,2017-04-14T10:15:39Z,1
R3D3B,2017-04-15T14:18:42Z,1
R5FDD,2017-04-15T23:03:06Z,1
R6DA3,2017-04-16T19:46:16Z,0
R103B,2017-04-17T06:25:05Z,0
R91B7,2017-04-18T01:34:42Z,0
R617D,2017-04-21T19:05:43Z,0
R1446,2017-04-22T12:49:36Z,0
RBC2F,2017-04-22T17:58:18Z,1
RC07B,2017-04-23T03:58:34Z,0
R3CED,2017-04-25T02:39:23Z,1
RB612,2017-04-25T16:02:09Z,0
RC7D3,2017-04-26T04:48:35Z,0
R161C,2017-04-27T00:28:48Z,0
R6E97,2017-04-28T00:47:30Z,0
R381B,2017-04-29T09:45:50Z,0
RA1B5,2017-04-29T09:55:28Z,0
R355F,2017-04-29T11:34:30Z,0
RF8E1,2017-04-30T13:04:47Z,0
R6368,2017-05-01T20:19:25Z,0
RAC1A,2017-05-03T14:55:30Z,0
RE57E,2017-05-03T15:17:35Z,1
RA482,2017-05-04T06:27:44Z,1
RBF6B,2017-05-05T20:17:30Z,0
R0C34,2017-05-06T09:20:19Z,0
R6924,2017-05-06T15:01:14Z,1
R2F25,2017-05-06T17:43:36Z,0
R9A9D,2017-05-07T02:45:21Z,1
R5475,2017-05-07T05:07:55Z,0
R90C7,2017-05-07T15:07:12Z,1
R0473,2017-05-08T19:45:49Z,0
REF4D,2017-05-08T20:25:15Z,0
RA211,2017-05-09T13:55:54Z,1
R2081,2017-05-11T13:32:54Z,0
RCCC4,2017-05-12T18:17:53Z,0
R4F95,2017-05-13T10:07:35Z,0
RFA21,2017-05-14T00:16:04Z,0
RDB1E,2017-05-15T23:55:55Z,0
R7A70,2017-05-17T22:26:04Z,0
R6F66,2017-05-18T15:35:38Z,1
R173E,2017-05-19T11:23:11Z,0
RA60A,2017-05-20T00:31:57Z,1
R49A5,2017-05-21T09:55:53Z,1
R2806,2017-05-22T17:16:44Z,0
R6EF2,2017-05-24T01:59:39Z,1
RE72F,2017-05-25T08:44:21Z,1
R4E5D,2017-05-25T14:46:18Z,1
R8BC5,2017-05-26T19:19:09Z,0
R47B7,2017-05-27T08:57:52Z,1
RB997,2017-05-29T06:49:43Z,0
RBE15,2017-05-29T19:38:45Z,0
R21E5,2017-05-29T23:52:47Z,0
RB2E8,2017-05-31T17:08:52Z,0
R5807,2017-05-31T21:06:45Z,0
R2F0C,2017-06-01T19:59:50Z,0
RD3EF,2017-06-02T03:24:32Z,1
R4A29,2017-06-02T19:59:28Z,1
R8118,2017-06-03T12:54:28Z,1
R3F74,2017-06-03T19:54:09Z,0
R3CDE,2017-06-04T20:03:24Z,0
R7434,2017-06-04T20:35:54Z,0
R3993,2017-06-06T15:19:46Z,1
R57C7,2017-06-06T19:35:58Z,1
R2D21,2017-06-07T20:39:04Z,1
RFED8,2017-06-10T18:26:09Z,1
RD0A1,2017-06-14T05:21:54Z,1
R1270,2017-06-16T22:07:35Z,0
R3F68,2017-06-18T12:24:05Z,0
RB2AC,2017-06-19T10:41:03Z,0
R0FDB,2017-06-20T05:11:39Z,0
R06CD,2017-06-20T19:11:23Z,1
RDD97,2017-06-21T10:42:32Z,0
R6B01,2017-06-21T14:33:51Z,0
RB7A9,2017-06-21T15:23:32Z,0
R21B0,2017-06-21T20:52:41Z,1
R5F12,2017-06-21T21:35:57Z,0
R39DB,2017-06-22T16:49:28Z,1
RE046,2017-06-24T18:35:26Z,0
RE6C9,2017-06-25T14:02:35Z,1
RF941,2017-06-25T14:07:30Z,1
R60F0,2017-06-25T14:44:13Z,0
RF218,2017-06-25T18:27:23Z,0
RF84B,2017-06-25T20:25:32Z,0
RA60D,2017-06-26T11:52:37Z,0
R632B,2017-06-26T18:11:00Z,1
R8CA7,2017-06-27T07:36:57Z,0
R4BB4,2017-06-27T11:10:31Z,0
R86E7,2017-06-27T18:07:05Z,0
R66A4,2017-06-28T01:26:16Z,0
R6A8C,2017-06-28T01:28:56Z,1
R2556,2017-06-28T06:53:32Z,0
RCD60,2017-06-28T07:54:03Z,1
R87A0,2017-06-29T01:10:36Z,0
RA58C,2017-06-30T17:46:08Z,1
RA280,2017-06-30T17:52:02Z,0
R663B,2017-07-01T06:33:24Z,0
R5C27,2017-07-01T07:36:03Z,1
RBE46,2017-07-02T19:19:12Z,1
RFAD5,2017-07-04T05:03:30Z,1
R9802,2017-07-05T05:56:08Z,0
R3F3B,2017-07-05T11:21:56Z,1
RCB8B,2017-07-07T06:54:53Z,1
R0DB7,2017-07-07T20:09:29Z,0
RA093,2017-07-08T14:05:27Z,1
RC883,2017-07-08T20:00:12Z,0
RF18D,2017-07-09T19:31:32Z,1
R9A85,2017-07-09T21:22:57Z,1
R37C7,2017-07-10T18:49:32Z,0
RF9FA,2017-07-10T22:35:34Z,0
R8195,2017-07-11T01:14:06Z,0
RCB03,2017-07-12T20:37:03Z,0
RACBA,2017-07-13T19:27:52Z,1
R933D,2017-07-14T09:04:18Z,0
R2625,2017-07-15T16:28:18Z,0
R9499,2017-07-16T02:45:17Z,1
R9ED2,2017-07-16T14:01:32Z,0
R04E8,2017-07-17T03:37:50Z,0
R63CA,2017-07-18T22:54:48Z,0
RAE8E,2017-07-19T00:26:53Z,1
R6F1F,2017-07-19T14:08:50Z,0
RC474,2017-07-19T17:49:20Z,0
RAC22,2017-07-19T21:25:59Z,1
RAC20,2017-07-20T17:10:51Z,1
R5575,2017-07-20T19:02:30Z,0
RF7CA,2017-07-21T04:22:00Z,0
RFE9E,2017-07-21T08:26:53Z,0
R2CA6,2017-07-21T13:02:10Z,0
R41D6,2017-07-22T08:53:44Z,1
R9197,2017-07-22T09:40:41Z,1
RFA0F,2017-07-22T10:12:14Z,0
R8F50,2017-07-22T13:44:04Z,1
R74C6,2017-07-22T21:31:27Z,0
R1F0E,2017-07-23T16:32:46Z,1
R720B,2017-07-25T08:05:37Z,1
R548A,2017-07-25T09:10:31Z,1
RF1CA,2017-07-25T16:49:55Z,1
RB59E,2017-07-26T03:22:35Z,0
R43DD,2017-07-27T18:42:33Z,0
RE8ED,2017-07-27T20:49:18Z,1
RA2DE,2017-07-28T02:58:44Z,1
R3930,2017-07-28T05:47:40Z,1
RCDEE,2017-07-29T07:57:26Z,0
R3D96,2017-08-02T14:08:34Z,0
REC60,2017-08-02T14:40:56Z,1
R0A7D,2017-08-02T16:09:10Z,0
R4B4A,2017-08-03T04:12:10Z,1
RCBF0,2017-08-03T14:26:22Z,0
R01F1,2017-08-04T17:53:00Z,1
R36AC,2017-08-04T19:45:06Z,0
R4458,2017-08-05T01:15:33Z,0
RCCE6,2017-08-05T04:46:40Z,1
R89F6,2017-08-08T05:21:52Z,0
R1EA5,2017-08-09T15:07:55Z,0
R6AD3,2017-08-10T16:16:40Z,0
RD41A,2017-08-10T19:50:22Z,1
R5A0B,2017-08-10T21:11:12Z,0
RA5F6,2017-08-10T21:59:22Z,0
R60E9,2017-08-11T17:01:50Z,0
R39EA,2017-08-11T19:33:27Z,1
RC5F0,2017-08-12T06:52:35Z,1
R5C0A,2017-08-13T16:40:55Z,0
RDAAC,2017-08-14T03:32:53Z,0
R82EF,2017-08-16T19:32:08Z,0
RF8F7,2017-08-17T07:11:22Z,0
RC7AD,2017-08-21T08:23:13Z,1
R0934,2017-08-23T08:56:28Z,0
RD4CB,2017-08-23T14:57:47Z,1
R7BC1,2017-08-24T12:36:01Z,1
RCB78,2017-08-28T21:54:24Z,0
R16B3,2017-08-30T08:24:50Z,1
RC9AA,2017-08-30T15:46:13Z,0
RCCC1,2017-08-30T16:16:37Z,0
R0554,2017-08-30T20:12:19Z,0
RBA7A,2017-08-30T23:37:09Z,1
R6CDF,2017-08-31T06:31:56Z,0
RDB2E,2017-08-31T14:39:54Z,1
RA899,2017-08-31T20:02:58Z,0
RA263,2017-08-31T21:13:06Z,1
R686A,2017-08-31T22:23:25Z,1
REDD6,2017-09-01T16:48:15Z,1
RE6A2,2017-09-03T07:11:17Z,0
R9357,2017-09-04T14:54:01Z,0
RC1F1,2017-09-06T11:31:56Z,0
R1897,2017-09-08T01:10:24Z,0
R742D,2017-09-08T07:58:53Z,0
R461D,2017-09-11T10:43:17Z,1
R60B1,2017-09-11T13:10:55Z,1
R9039,2017-09-12T02:43:02Z,0
R69C1,2017-09-12T12:34:23Z,1
R94E3,2017-09-13T13:25:16Z,0
R1992,2017-09-13T20:06:58Z,0
RCDFD,2017-09-15T19:11:57Z,0
R7BFA,2017-09-18T16:59:10Z,0
R4CC7,2017-09-21T19:03:24Z,0
R8AB0,2017-09-22T18:29:59Z,0
RB2CB,2017-09-23T16:39:22Z,1
RF71E,2017-09-23T21:06:19Z,1
R9C11,2017-09-24T23:33:38Z,0
R88A7,2017-09-25T21:44:05Z,0
R27F1,2017-09-26T23:32:52Z,1
RB1FC,2017-09-27T15:49:51Z,1
R1D51,2017-09-27T19:25:03Z,0
R2026,2017-09-28T17:06:08Z,1
R009F,2017-09-28T19:47:09Z,0
RC144,2017-09-29T03:56:22Z,1
R5663,2017-09-29T21:22:46Z,1
R97BA,2017-10-01T14:19:59Z,0
RAE96,2017-10-04T18:17:37Z,1
RA13A,2017-10-09T02:26:13Z,0
RD29A,2017-10-17T01:07:52Z,1
R789E,2017-10-18T08:03:19Z,0
RA151,2017-10-20T01:31:15Z,0
R3756,2017-10-20T04:04:42Z,1
R1C88,2017-10-20T13:02:52Z,0
R17DF,2017-10-22T15:14:32Z,0
R4B81,2017-10-22T23:53:53Z,1
RA007,2017-10-26T13:52:54Z,1
R2C14,2017-10-26T15:18:11Z,0
R8D21,2017-10-27T04:03:54Z,0
REEAA,2017-10-28T04:16:35Z,1
R25A7,2017-10-29T14:27:15Z,0
RB23A,2017-10-31T16:29:34Z,0
R435B,2017-10-31T20:50:19Z,1
R6FD1,2017-10-31T21:17:33Z,0
R4839,2017-11-01T01:26:57Z,0
R3A48,2017-11-01T17:10:37Z,0
RCB10,2017-11-02T16:21:12Z,1
R64D3,2017-11-02T19:14:53Z,0
R3CC7,2017-11-02T21:47:34Z,1
RF625,2017-11-03T04:45:00Z,0
RB77C,2017-11-03T05:41:55Z,1
R5F74,2017-11-03T17:54:59Z,1
RAC85,2017-11-03T18:41:19Z,0
RC099,2017-11-03T22:29:15Z,1
R09BD,2017-11-04T15:11:37Z,0
R0B0A,2017-11-05T00:59:18Z,1
R1743,2017-11-05T20:28:23Z,0
RC188,2017-11-07T00:39:10Z,1
R13D2,2017-11-07T04:52:28Z,1
R6418,2017-11-07T16:46:53Z,1
RA0C8,2017-11-07T18:02:13Z,0
R0124,2017-11-08T15:18:54Z,1
RAA7F,2017-11-09T07:48:46Z,1
R495D,2017-11-09T19:51:52Z,0
R1B6A,2017-11-09T20:17:37Z,0
R52FA,2017-11-09T22:43:07Z,1
RE0BA,2017-11-10T16:48:39Z,0
R0F73,2017-11-10T22:02:36Z,1
REF46,2017-11-10T22:52:20Z,1
R1C39,2017-11-10T23:40:23Z,0
R7489,2017-11-11T02:10:32Z,0
R0CC0,2017-11-11T03:51:14Z,1
RF9F3,2017-11-11T05:25:05Z,1
R44B3,2017-11-11T20:53:35Z,0
R4DFA,2017-11-11T22:26:40Z,1
RC421,2017-11-12T06:11:06Z,1
R2791,2017-11-12T17:49:01Z,1
RC7D6,2017-11-12T18:26:56Z,0
R4753,2017-11-12T18:59:46Z,0
RB0B5,2017-11-12T20:06:24Z,1
RCBAA,2017-11-12T20:52:58Z,1
REB39,2017-11-13T00:25:36Z,1
RBF1E,2017-11-13T07:31:29Z,0
R976C,2017-11-13T10:19:51Z,1
RDD49,2017-11-13T23:20:38Z,0
R0C87,2017-11-14T02:20:14Z,0
R5ECB,2017-11-14T05:23:48Z,0
R06AC,2017-11-14T05:43:37Z,0
R8AFF,2017-11-14T06:29:20Z,1
R7A06,2017-11-14T11:09:56Z,1
RADB9,2017-11-14T12:59:18Z,0
RF9F7,2017-11-14T17:23:13Z,1
REEAC,2017-11-14T17:49:29Z,1
R6D36,2017-11-15T00:00:10Z,1
RB449,2017-11-15T10:35:09Z,0
R45B4,2017-11-15T13:54:47Z,0
R87FD,2017-11-15T16:29:16Z,1
R67B0,2017-11-15T18:22:58Z,0
RD7CC,2017-11-15T19:00:03Z,1
RAD4C,2017-11-15T20:40:51Z,1
R918B,2017-11-16T04:11:32Z,0
R3AFA,2017-11-16T09:05:16Z,1
RB7E1,2017-11-16T15:57:22Z,0
R4468,2017-11-16T21:38:19Z,1
R5308,2017-11-16T22:05:56Z,1
R1058,2017-11-16T22:53:00Z,0
R52CB,2017-11-17T01:21:54Z,0
RD7CB,2017-11-17T02:06:05Z,1
RCC5F,2017-11-17T13:20:00Z,0
RED95,2017-11-17T13:42:24Z,1
RE5BB,2017-11-17T14:17:00Z,0
R4D20,2017-11-17T23:19:51Z,1
R9F34,2017-11-18T15:50:37Z,0
R77F5,2017-11-18T15:54:54Z,1
RAC7E,2017-11-18T20:31:44Z,1
RE4C0,2017-11-18T21:56:45Z,1
R78B7,2017-11-18T22:23:07Z,1
RC861,2017-11-19T07:42:53Z,0
R923A,2017-11-19T16:10:24Z,1
R00DB,2017-11-19T19:36:47Z,0
R99DC,2017-11-19T21:53:03Z,0
R7783,2017-11-19T23:08:58Z,1
RCA0E,2017-11-20T01:10:09Z,1
R50DB,2017-11-20T04:43:57Z,0
RAB73,2017-11-20T21:53:20Z,0
RAFB9,2017-11-21T06:17:28Z,0
R3859,2017-11-21T12:24:36Z,0
R4666,2017-11-21T18:46:42Z,0
RB481,2017-11-22T00:42:41Z,0
RE583,2017-11-22T03:31:43Z,1
R35BB,2017-11-22T13:57:51Z,0
R1396,2017-11-22T19:43:47Z,1
R88E5,2017-11-22T22:07:34Z,1
R0FFA,2017-11-23T07:10:13Z,1
R3FD8,2017-11-23T13:16:55Z,1
R6EA9,2017-11-24T17:06:28Z,1
R6610,2017-11-24T19:59:11Z,0
RBE6D,2017-11-25T02:38:35Z,0
R3055,2017-11-25T06:42:18Z,1
R1AC6,2017-11-25T23:28:31Z,1
RFECD,2017-11-26T18:36:14Z,1
R0887,2017-11-26T19:54:38Z,1
R5A10,2017-11-26T21:56:03Z,1
R562A,2017-11-26T23:28:06Z,1
R2F99,2017-11-27T01:47:15Z,0
R92A3,2017-11-27T03:15:49Z,0
RE903,2017-11-27T05:32:08Z,0
RE5DB,2017-11-27T13:49:28Z,0
R7F4C,2017-11-29T00:50:14Z,1
RABD6,2017-11-29T07:10:30Z,0
R7B40,2017-11-29T16:14:14Z,0
RB53B,2017-11-29T17:21:33Z,0
R653E,2017-12-01T13:19:12Z,1
RF22F,2017-12-01T14:53:03Z,1
REC8C,2017-12-02T06:57:29Z,1
R3B9B,2017-12-02T16:59:53Z,0
R8BBE,2017-12-02T19:33:12Z,0
R3E31,2017-12-03T20:44:06Z,0
RCF53,2017-12-04T18:13:09Z,1
R2013,2017-12-05T14:03:12Z,0
R034F,2017-12-05T14:34:28Z,0
R0538,2017-12-05T18:04:03Z,1
R349C,2017-12-07T01:01:04Z,1
R09EF,2017-12-07T23:14:17Z,1
R0390,2017-12-08T22:21:51Z,0
RDEE3,2017-12-09T18:20:36Z,1
R8184,2017-12-11T01:09:47Z,0
R66F4,2017-12-11T03:43:31Z,0
R3B68,2017-12-11T10:17:06Z,1
R84E7,2017-12-11T11:08:36Z,0
R8219,2017-12-11T17:25:14Z,1
RF229,2017-12-11T18:01:03Z,1
RC4D7,2017-12-11T18:40:53Z,0
RA82A,2017-12-12T13:20:51Z,0
RD0D2,2017-12-13T21:00:12Z,1
R4186,2017-12-14T20:15:42Z,1
R0A81,2017-12-15T07:21:59Z,0
R09F7,2017-12-15T17:03:05Z,0
R0EF8,2017-12-15T19:29:40Z,0
R3962,2017-12-16T03:37:40Z,0
R614C,2017-12-16T11:25:19Z,1
RBC34,2017-12-16T17:51:18Z,1
R8A0C,2017-12-17T02:50:54Z,1
R35E7,2017-12-17T05:21:36Z,1
RFB75,2017-12-18T13:38:21Z,0
R63BA,2017-12-19T00:08:06Z,1
R6673,2017-12-19T09:36:51Z,1
R573E,2017-12-19T14:03:13Z,0
R7A2D,2017-12-19T14:15:57Z,1
R88F4,2017-12-19T14:20:58Z,0
R0D06,2017-12-20T10:33:16Z,1
R65F1,2017-12-20T12:04:29Z,1
R3E8F,2017-12-20T16:55:17Z,0
RDDC7,2017-12-20T22:34:51Z,0
RE070,2017-12-20T23:51:11Z,0
RBA09,2017-12-23T16:03:22Z,0
R376A,2017-12-25T04:30:36Z,1
R06CE,2017-12-25T16:00:02Z,0
RBCC7,2017-12-25T16:27:10Z,1
R96DC,2017-12-25T18:27:24Z,1
R2B35,2017-12-27T17:43:09Z,1
R2E2A,2017-12-27T22:04:30Z,1
R655B,2017-12-27T22:42:07Z,1
R03D1,2017-12-30T17:36:30Z,0
R37A5,2017-12-31T07:23:23Z,1
R14EB,2017-12-31T12:42:45Z,0
R26D5,2017-12-31T13:55:56Z,1
R6B1E,2017-12-31T21:33:12Z,1
RE452,2018-01-01T21:32:22Z,0
RFDB3,2018-01-02T09:03:50Z,0
R13BB,2018-01-03T00:12:25Z,0
R2FF2,2018-01-03T19:06:02Z,1
R76A8,2018-01-04T02:31:18Z,1
R521F,2018-01-04T04:17:15Z,0
R2CA8,2018-01-04T15:41:09Z,0
R9B7D,2018-01-04T21:20:42Z,0
REF28,2018-01-04T22:03:04Z,1
R8845,2018-01-05T16:55:17Z,1
RC19D,2018-01-05T16:57:47Z,0
RA822,2018-01-05T20:36:27Z,1
R52B3,2018-01-05T21:24:59Z,1
R6FCC,2018-01-06T19:07:07Z,0
R38DC,2018-01-08T02:06:57Z,1
R15B1,2018-01-09T14:51:06Z,0
R0428,2018-01-09T18:00:49Z,0
R338A,2018-01-11T03:08:20Z,0
R866C,2018-01-11T14:03:53Z,0
R663D,2018-01-12T17:25:16Z,1
RCC4D,2018-01-12T21:40:41Z,1
R2ED6,2018-01-13T18:53:55Z,0
RAD87,2018-01-14T02:39:40Z,1
R649A,2018-01-16T21:35:10Z,1
RE117,2018-01-17T00:13:39Z,0
RB43B,2018-01-17T11:58:59Z,0
RC509,2018-01-17T17:34:43Z,0
RB9B8,2018-01-19T06:01:36Z,1
RF566,2018-01-20T00:05:50Z,1
R8C73,2018-01-20T03:34:23Z,1
R0B29,2018-01-20T14:05:14Z,1
R7813,2018-01-20T14:49:58Z,1
R023E,2018-01-20T15:41:04Z,1
R4DE1,2018-01-21T21:29:25Z,0
R913B,2018-01-22T17:32:41Z,0
RC28B,2018-01-22T22:48:09Z,1
R6B48,2018-01-24T02:09:13Z,0
RB8D5,2018-01-25T19:07:28Z,1
R1724,2018-01-25T20:07:19Z,0
R2E8D,2018-01-25T20:17:01Z,1
R76A3,2018-01-26T04:43:16Z,1
R0468,2018-01-27T07:37:14Z,0
RE937,2018-01-28T12:52:14Z,0
RA656,2018-01-29T03:28:54Z,1
RB293,2018-01-29T03:57:32Z,1
R6C3C,2018-01-29T17:15:00Z,0
R453F,2018-01-29T20:13:53Z,1
RC740,2018-01-29T21:14:07Z,0
R2910,2018-01-30T12:53:40Z,0
R4203,2018-01-30T18:20:44Z,0
R2547,2018-02-02T03:17:31Z,1
RC960,2018-02-03T02:52:53Z,0
R29F6,2018-02-03T03:38:47Z,1
RF04D,2018-02-03T20:59:41Z,1
R4989,2018-02-04T00:35:53Z,1
RA2B5,2018-02-04T05:01:40Z,0
R651D,2018-02-04T16:28:58Z,1
R4A37,2018-02-05T21:33:50Z,0
R31ED,2018-02-06T04:30:18Z,1
R76CC,2018-02-07T02:09:36Z,0
R9AD4,2018-02-07T13:56:10Z,0
R8974,2018-02-07T21:04:30Z,0
RB6DF,2018-02-08T03:41:21Z,0
RE9F9,2018-02-08T07:36:23Z,1
R64DA,2018-02-08T17:19:29Z,1
RADF8,2018-02-08T17:44:12Z,1
R61A8,2018-02-08T18:31:32Z,0
RF213,2018-02-08T22:08:06Z,0
R2AF7,2018-02-09T02:38:01Z,0
R5413,2018-02-09T06:02:07Z,1
RB311,2018-02-09T15:08:41Z,0
RCEAB,2018-02-09T19:35:59Z,1
R384C,2018-02-09T20:59:44Z,0
R6336,2018-02-11T14:57:05Z,1
R16F7,2018-02-11T16:35:41Z,1
RBC8D,2018-02-11T19:45:41Z,0
R98A3,2018-02-12T21:52:22Z,1
RBA56,2018-02-13T03:20:21Z,0
R7718,2018-02-13T20:57:50Z,0
R0A90,2018-02-14T20:40:15Z,1
R4885,2018-02-15T15:55:53Z,0
RF8C6,2018-02-15T18:08:04Z,0
R4C90,2018-02-16T10:41:19Z,1
RA635,2018-02-16T16:12:22Z,1
R8A94,2018-02-17T02:50:03Z,0
R0DF2,2018-02-17T17:03:01Z,0
RD51C,2018-02-19T16:48:20Z,1
R94DB,2018-02-19T17:36:10Z,0
RAAE4,2018-02-21T15:24:40Z,0
R3338,2018-02-22T07:56:37Z,0
RD622,2018-02-22T17:19:12Z,0
RA6B1,2018-02-23T07:38:25Z,0
RD666,2018-02-23T11:51:44Z,0
R626B,2018-02-23T15:12:54Z,0
R5B17,2018-02-23T16:00:49Z,0
RDEC0,2018-02-23T22:39:22Z,1
RB27C,2018-02-24T17:34:07Z,0
R2215,2018-02-26T03:04:16Z,0
RDD60,2018-02-26T10:12:31Z,0
R8E1E,2018-02-26T23:08:46Z,0
RCE1C,2018-02-28T08:33:14Z,0
R2CA5,2018-02-28T11:31:06Z,0
R4F28,2018-02-28T14:39:26Z,0
R8BB6,2018-02-28T22:08:31Z,1
RB7D7,2018-03-01T01:24:53Z,0
RD867,2018-03-01T13:17:28Z,1
RE581,2018-03-01T15:05:13Z,0
R47E5,2018-03-03T16:35:56Z,0
R37E2,2018-03-03T22:56:48Z,1
R6294,2018-03-05T01:41:31Z,1
R3E59,2018-03-05T02:51:03Z,0
RE5D7,2018-03-05T15:08:20Z,0
RECB6,2018-03-05T15:09:22Z,0
RD11B,2018-03-06T16:45:36Z,0
R8BB5,2018-03-06T20:01:56Z,0
R63B3,2018-03-07T00:35:13Z,0
R3308,2018-03-07T17:41:16Z,1
R9D87,2018-03-07T21:13:05Z,0
R0F09,2018-03-08T04:03:52Z,0
R6059,2018-03-08T04:15:37Z,0
RFD3E,2018-03-08T13:43:06Z,0
RA5AB,2018-03-08T16:05:53Z,1
R4A9F,2018-03-09T01:45:22Z,0
RA0EB,2018-03-09T19:43:06Z,1
R5F94,2018-03-09T21:07:13Z,0
RECEC,2018-03-10T03:32:09Z,0
R59E2,2018-03-10T09:41:57Z,1
RCEAA,2018-03-10T21:50:10Z,0
R8B94,2018-03-10T23:35:21Z,1
R9E21,2018-03-11T06:33:30Z,0
RA302,2018-03-11T17:29:00Z,0
R5745,2018-03-11T22:58:08Z,1
R3587,2018-03-12T19:23:01Z,0
RF765,2018-03-13T02:36:50Z,0
R7B2E,2018-03-13T09:22:52Z,1
RA46F,2018-03-13T17:57:47Z,0
R8890,2018-03-14T11:18:37Z,1
R3DF3,2018-03-15T01:20:26Z,0
RBFD5,2018-03-15T18:26:01Z,1
RDF31,2018-03-15T19:22:14Z,1
R01F7,2018-03-17T01:03:23Z,1
RBDF4,2018-03-17T03:57:54Z,0
R30A6,2018-03-17T17:43:08Z,1
R440A,2018-03-18T14:58:00Z,1
RB91D,2018-03-18T16:56:42Z,0
R25F4,2018-03-19T20:10:59Z,0
RC01C,2018-03-19T21:09:46Z,0
RF95F,2018-03-21T07:47:53Z,0
R2310,2018-03-21T09:02:21Z,1
R7E44,2018-03-22T03:50:43Z,0
R1B98,2018-03-22T15:09:06Z,0
R53EE,2018-03-22T19:58:44Z,1
RE5BC,2018-03-23T11:03:56Z,0
R6214,2018-03-23T21:45:35Z,1
R1516,2018-03-24T03:08:23Z,1
RE0E6,2018-03-25T19:38:18Z,0
R0C36,2018-03-27T20:55:21Z,0
R00F5,2018-03-28T01:23:56Z,1
R95B5,2018-03-28T12:29:55Z,0
RDAB6,2018-03-29T16:20:20Z,0
R1646,2018-03-30T17:40:58Z,1
R0868,2018-03-31T01:29:13Z,0
RA431,2018-04-01T19:56:33Z,0
RFB14,2018-04-02T15:24:49Z,0
R045C,2018-04-02T20:28:25Z,0
R4ADE,2018-04-03T15:21:05Z,0
RCDB7,2018-04-04T07:23:08Z,0
R9B84,2018-04-04T15:04:14Z,1
R3302,2018-04-05T02:16:06Z,1
RCE3F,2018-04-05T18:31:13Z,1
RA150,2018-04-05T18:53:41Z,0
R67E0,2018-04-05T21:33:30Z,0
R57EC,2018-04-05T23:25:02Z,1
R2FD9,2018-04-06T01:43:27Z,0
R26C4,2018-04-06T04:16:05Z,0
R57B0,2018-04-07T01:08:24Z,1
RCFAB,2018-04-10T05:10:40Z,0
RB489,2018-04-12T00:20:48Z,1
RF920,2018-04-12T00:56:35Z,1
R8E69,2018-04-12T18:51:23Z,0
R87CB,2018-04-16T15:44:15Z,0
R3DFD,2018-04-16T18:39:24Z,0
R9505,2018-04-16T19:28:15Z,1
R9C82,2018-04-18T16:05:59Z,0
R2B14,2018-04-18T18:24:43Z,0
R03D7,2018-04-18T20:39:19Z,1
R7041,2018-04-21T06:33:40Z,0
R8504,2018-04-21T20:26:39Z,1
RE29D,2018-04-22T12:02:33Z,0
RCC91,2018-04-22T20:10:51Z,1
R6707,2018-04-22T22:54:56Z,1
R3C98,2018-04-23T16:43:46Z,0
R16D8,2018-04-26T09:23:03Z,0
R70D4,2018-04-26T18:38:34Z,1
R9ED0,2018-04-27T07:59:11Z,0
RC0D8,2018-04-27T20:11:58Z,0
R2182,2018-04-28T18:29:24Z,0
R93B9,2018-04-28T19:34:43Z,1
R3F39,2018-04-29T03:12:37Z,1
RC3FE,2018-04-29T20:25:16Z,1
RC364,2018-04-30T13:09:03Z,0
RFDDD,2018-04-30T15:19:07Z,1
REB1F,2018-04-30T20:54:05Z,0
RA10E,2018-05-01T03:59:15Z,0
RD2A1,2018-05-01T12:41:22Z,1
RC529,2018-05-01T19:20:37Z,1
RD6FC,2018-05-02T13:50:53Z,0
RD7EB,2018-05-03T15:38:00Z,1
RBB09,2018-05-06T15:06:59Z,1
R63B4,2018-05-08T11:03:42Z,0
R475A,2018-05-08T17:41:52Z,1
R29F5,2018-05-09T10:09:36Z,1
RC98F,2018-05-10T06:51:59Z,1
R3EDD,2018-05-11T11:22:52Z,1
RB7AB,2018-05-11T16:10:29Z,0
R3FC0,2018-05-11T17:28:20Z,0
R3E6F,2018-05-14T19:27:21Z,0
RD56B,2018-05-15T16:28:32Z,1
R86F9,2018-05-15T16:41:25Z,0
R2004,2018-05-17T18:18:11Z,1
R2831,2018-05-18T16:18:45Z,0
RBF59,2018-05-18T17:50:57Z,0
RBE4C,2018-05-19T19:15:31Z,0
R1AAA,2018-05-20T05:43:31Z,1
R0128,2018-05-21T22:42:54Z,0
RFA50,2018-05-22T02:02:57Z,0
RBBAB,2018-05-22T09:02:05Z,0
R61CB,2018-05-22T14:09:00Z,0
R9CA3,2018-05-22T19:44:51Z,1
RAA90,2018-05-25T04:50:15Z,0
R57C2,2018-05-25T19:18:10Z,0
R1E5E,2018-05-26T15:53:33Z,0
R4F29,2018-05-27T17:28:08Z,1
R8550,2018-05-28T16:36:58Z,0
R6DC1,2018-05-28T20:09:55Z,0
R38CF,2018-05-29T11:17:39Z,0
R3CF1,2018-06-01T06:13:08Z,0
RC55B,2018-06-01T13:52:06Z,0
RC8A7,2018-06-04T03:43:41Z,0
REDAE,2018-06-04T11:16:30Z,0
R459C,2018-06-04T13:58:20Z,1
R050E,2018-06-04T15:09:21Z,0
RB7BB,2018-06-05T05:54:27Z,1
R80B0,2018-06-05T13:21:41Z,0
R6472,2018-06-05T20:36:56Z,0
RA15A,2018-06-07T14:53:54Z,0
RB077,2018-06-08T15:37:39Z,0
RB9CC,2018-06-09T18:39:54Z,1
R565E,2018-06-10T11:28:57Z,0
RDD18,2018-06-13T03:12:40Z,1
RA6C5,2018-06-13T21:52:28Z,1
RABDC,2018-06-14T00:49:36Z,1
R0AC9,2018-06-14T10:32:11Z,0
RB8D1,2018-06-14T10:49:02Z,0
RFD4A,2018-06-14T14:49:09Z,0
RDDCD,2018-06-15T08:56:02Z,0
R9ECB,2018-06-15T14:07:29Z,0
R9B2C,2018-06-15T14:07:40Z,0
RB3FD,2018-06-15T14:07:54Z,0
R23AC,2018-06-15T14:09:07Z,0
R15E2,2018-06-15T21:45:46Z,0
RF06D,2018-06-15T23:35:33Z,0
RDD84,2018-06-16T00:54:17Z,0
R3769,2018-06-16T05:39:36Z,0
RDE9F,2018-06-17T18:48:48Z,1
RE386,2018-06-18T14:57:50Z,1
RCC45,2018-06-19T17:27:04Z,1
RC176,2018-06-20T18:40:59Z,1
R1F7C,2018-06-21T06:39:15Z,0
RC8AB,2018-06-21T12:52:40Z,1
R2D14,2018-06-21T14:22:10Z,0
RE2B9,2018-06-22T05:44:40Z,0
RBBE5,2018-06-22T08:05:25Z,0
R2E9D,2018-06-22T08:32:41Z,0
RD8D1,2018-06-22T08:58:01Z,1
RBE19,2018-06-22T09:01:39Z,0
R4051,2018-06-23T06:38:57Z,0
R0920,2018-06-23T07:17:38Z,0
RDF62,2018-06-23T07:50:02Z,0
R20CE,2018-06-23T08:00:24Z,0
S16F7,2018-06-23T08:17:02Z,0
R028A,2018-06-23T08:39:11Z,0
RAC67,2018-06-23T08:52:25Z,0
R4F7E,2018-06-24T07:59:01Z,0
R26E2,2018-06-25T13:54:51Z,1
RC131,2018-06-26T11:09:05Z,1
R646B,2018-06-27T00:31:19Z,0
RAE55,2018-06-27T10:29:50Z,1
R3F35,2018-06-29T05:11:33Z,0
RB9B4,2018-06-29T07:22:46Z,0
R400D,2018-06-29T14:29:02Z,0
RCF91,2018-07-01T06:59:10Z,0
R60DC,2018-07-02T13:07:09Z,1
RBDD8,2018-07-02T23:28:12Z,0
R84CF,2018-07-02T23:40:38Z,1
R0D8D,2018-07-03T14:55:47Z,0
R026F,2018-07-03T16:52:11Z,1
R47FB,2018-07-04T04:39:52Z,0
R3B86,2018-07-04T16:49:14Z,0
RE063,2018-07-05T01:41:50Z,1
RD644,2018-07-05T16:40:26Z,0
R2869,2018-07-05T23:23:22Z,0
RA840,2018-07-07T04:23:53Z,0
R2CB0,2018-07-07T11:35:00Z,1
R9081,2018-07-10T09:49:45Z,1
R9DA3,2018-07-10T12:27:06Z,1
RF4C1,2018-07-10T15:49:37Z,0
RA3C3,2018-07-11T10:55:43Z,0
RD014,2018-07-11T23:35:07Z,0
RE650,2018-07-13T04:13:42Z,1
RD9BA,2018-07-13T10:57:04Z,1
R875A,2018-07-13T15:15:24Z,0
RA578,2018-07-15T07:34:14Z,0
R1DBF,2018-07-15T13:05:40Z,0
R5010,2018-07-15T20:17:01Z,0
RAEBE,2018-07-15T20:40:51Z,1
RAA3C,2018-07-16T02:02:07Z,0
R7353,2018-07-17T06:20:21Z,0
JAKGA,2018-07-18T08:09:20Z,0
RF135,2018-07-19T22:42:07Z,0
R5D79,2018-07-20T20:37:56Z,0
RD38A,2018-07-20T20:43:56Z,0
R01D9,2018-07-20T21:36:48Z,0
R2417,2018-07-21T14:34:23Z,1
R2EFC,2018-07-21T14:36:39Z,1
RF248,2018-07-21T14:38:45Z,1
R9D92,2018-07-21T15:16:43Z,1
R2A8A,2018-07-21T20:08:37Z,0
RC662,2018-07-22T17:02:37Z,1
R92FC,2018-07-23T04:22:30Z,1
R32B5,2018-07-24T01:23:05Z,0
R9CDF,2018-07-24T08:40:18Z,1
R21AF,2018-07-24T10:52:56Z,1
R796B,2018-07-24T16:11:09Z,1
R834D,2018-07-24T20:40:11Z,1
RA6D2,2018-07-25T17:06:57Z,1
RB29A,2018-07-26T15:29:10Z,0
R6789,2018-07-26T17:55:56Z,0
R87BC,2018-07-26T20:26:47Z,0
R9FD9,2018-07-27T03:18:02Z,0
R01EA,2018-07-27T13:33:45Z,0
R6661,2018-07-27T18:37:17Z,1
RFF88,2018-07-27T23:03:09Z,1
R2BFC,2018-07-28T00:14:12Z,1
R5162,2018-07-28T00:45:07Z,0
RB83C,2018-07-28T02:59:21Z,1
RC93C,2018-07-28T03:55:49Z,1
R347E,2018-07-28T15:48:54Z,1
R11C3,2018-07-28T18:47:37Z,1
RCB56,2018-07-29T00:52:47Z,1
R0CE3,2018-07-29T03:57:23Z,0
R993C,2018-07-29T04:09:35Z,0
RB5CE,2018-07-30T04:07:16Z,1
R973E,2018-07-30T12:21:24Z,1
R15EA,2018-07-30T16:17:32Z,0
REFD9,2018-07-30T16:43:07Z,0
R3740,2018-07-30T16:51:34Z,1
R21FA,2018-07-30T17:44:59Z,0
RC628,2018-07-30T19:05:16Z,0
R0C83,2018-07-30T19:06:22Z,0
R2CFA,2018-07-30T21:27:28Z,0
R713F,2018-07-30T22:01:41Z,1
RFCF5,2018-07-30T22:12:22Z,0
R9AFF,2018-07-30T22:34:34Z,0
R94AB,2018-07-30T22:52:47Z,0
RC74A,2018-07-31T09:34:17Z,0
RA3F5,2018-07-31T12:51:57Z,0
RB30C,2018-07-31T13:19:29Z,1
RA538,2018-07-31T14:38:24Z,1
RC1DA,2018-07-31T18:35:10Z,1
RD44E,2018-07-31T19:04:21Z,1
R773B,2018-07-31T23:15:29Z,1
REFE3,2018-07-31T23:50:06Z,0
R9E5E,2018-08-01T01:51:18Z,0
R9F83,2018-08-01T04:11:49Z,1
RC53B,2018-08-01T18:58:26Z,0
RD5DB,2018-08-01T19:54:08Z,1
R3F8A,2018-08-01T21:47:25Z,0
R46C3,2018-08-02T09:58:10Z,0
RACA5,2018-08-02T10:13:08Z,0
R489A,2018-08-02T10:29:18Z,0
RAEE3,2018-08-02T11:24:26Z,1
R76F0,2018-08-02T12:24:09Z,1
R216B,2018-08-02T14:54:19Z,1
R56C6,2018-08-02T18:46:34Z,0
RDF20,2018-08-02T19:17:17Z,1
R00C9,2018-08-02T22:21:30Z,0
RB501,2018-08-03T03:47:32Z,0
RE70F,2018-08-03T14:24:14Z,1
R45FA,2018-08-03T18:29:11Z,1
R0241,2018-08-03T21:51:49Z,0
R5C9B,2018-08-03T23:32:03Z,1
R9F41,2018-08-03T23:56:01Z,0
R45F1,2018-08-04T16:03:17Z,0
RE657,2018-08-05T00:34:28Z,0
R9D49,2018-08-05T04:03:31Z,0
R9A4E,2018-08-05T04:39:12Z,1
RC342,2018-08-05T12:35:25Z,1
RA5AC,2018-08-05T17:49:39Z,1
RC2D2,2018-08-05T20:08:17Z,0
R9269,2018-08-05T20:43:48Z,0
R5A2C,2018-08-05T21:28:48Z,1
R4A43,2018-08-06T08:46:01Z,1
RC305,2018-08-06T09:14:25Z,0
R8C09,2018-08-06T13:25:20Z,1
RD120,2018-08-07T09:55:48Z,1
R3F75,2018-08-07T16:56:45Z,1
RDCBA,2018-08-07T17:58:28Z,1
R3812,2018-08-07T18:07:21Z,1
R2716,2018-08-08T01:46:26Z,1
R8E71,2018-08-08T03:32:19Z,0
R3609,2018-08-08T04:31:09Z,1
R8EEE,2018-08-08T09:57:10Z,0
RF356,2018-08-08T10:40:58Z,1
R6D65,2018-08-08T15:56:33Z,0
R51D2,2018-08-08T21:40:37Z,1
R319F,2018-08-09T02:48:57Z,0
R7471,2018-08-09T03:37:03Z,1
R3562,2018-08-10T00:47:58Z,1
RF178,2018-08-10T23:29:28Z,1
R98D2,2018-08-11T18:45:10Z,1
R6936,2018-08-11T23:50:25Z,1
R2DDD,2018-08-13T03:36:46Z,1
R1009,2018-08-13T11:05:47Z,0
RA694,2018-08-13T12:44:43Z,0
R8AC9,2018-08-13T14:57:29Z,0
R7ECC,2018-08-13T16:09:31Z,0
R86CA,2018-08-13T21:33:23Z,0
RA97A,2018-08-15T00:15:57Z,1
RA716,2018-08-15T15:16:37Z,0
RA7B3,2018-08-15T19:52:18Z,0
RCA00,2018-08-15T20:50:28Z,1
R435A,2018-08-16T19:47:49Z,0
R3329,2018-08-16T22:20:43Z,1
R4903,2018-08-17T01:00:01Z,0
R0E05,2018-08-17T16:36:01Z,0
R6D2C,2018-08-17T17:39:28Z,0
RE1B7,2018-08-18T03:51:45Z,1
R1033,2018-08-18T13:02:56Z,1
REA0F,2018-08-19T06:31:45Z,1
R15EB,2018-08-19T09:24:48Z,0
R3DFE,2018-08-19T13:33:23Z,1
RDBF6,2018-08-19T21:27:56Z,1
RB452,2018-08-19T22:55:33Z,1
R9928,2018-08-19T23:15:39Z,0
R64CD,2018-08-20T01:41:54Z,1
R8C96,2018-08-20T08:44:16Z,0
RD996,2018-08-20T13:06:52Z,1
R06C4,2018-08-20T21:48:38Z,1
R44DC,2018-08-21T17:33:21Z,1
R3557,2018-08-21T18:46:53Z,1
R208E,2018-08-21T20:17:52Z,1
R925E,2018-08-21T20:38:09Z,0
R6F62,2018-08-21T21:16:23Z,1
RB0CA,2018-08-21T21:31:18Z,0
R0C80,2018-08-22T03:34:21Z,0
R5FB2,2018-08-22T11:04:02Z,1
RD2E2,2018-08-22T19:30:47Z,0
REBB1,2018-08-23T02:40:53Z,1
RE817,2018-08-23T17:49:08Z,1
R5F5C,2018-08-23T20:50:20Z,0
R97A4,2018-08-24T14:10:53Z,0
R12EB,2018-08-24T15:05:25Z,1
R5C51,2018-08-24T22:16:04Z,1
R22B6,2018-08-25T02:30:00Z,1
REB91,2018-08-25T12:21:17Z,0
RA607,2018-08-25T19:59:36Z,1
R7328,2018-08-25T20:39:32Z,1
R8F35,2018-08-26T15:06:57Z,1
R2A89,2018-08-26T19:47:49Z,0
RDB0C,2018-08-27T05:42:48Z,0
RA0D7,2018-08-27T18:49:21Z,0
RF58A,2018-08-28T19:58:57Z,0
RC994,2018-08-28T23:54:11Z,0
R685E,2018-08-29T10:07:37Z,0
RA736,2018-08-29T16:49:10Z,1
R328C,2018-08-30T07:28:53Z,1
RC586,2018-08-30T08:47:51Z,0
RF075,2018-09-01T05:29:59Z,1
R298A,2018-09-02T17:04:31Z,1
R6D5A,2018-09-02T21:03:50Z,1
R0786,2018-09-03T23:43:56Z,0
R84BE,2018-09-05T20:50:42Z,1
RD2EA,2018-09-06T01:00:39Z,1
RD0BD,2018-09-06T07:31:13Z,0
R5CFA,2018-09-06T22:12:49Z,0
RA455,2018-09-07T21:31:12Z,0
R74D9,2018-09-08T07:28:14Z,0
R1B1D,2018-09-08T12:12:09Z,1
R94C6,2018-09-08T19:40:57Z,1
R23CC,2018-09-12T06:21:04Z,1
R74F2,2018-09-12T09:18:24Z,1
R0AE4,2018-09-12T13:41:02Z,0
R952C,2018-09-12T20:19:52Z,0
R0835,2018-09-13T03:46:23Z,1
RC1F7,2018-09-13T03:53:01Z,0
RAF0B,2018-09-13T19:42:54Z,1
R198D,2018-09-14T14:57:05Z,1
R79EC,2018-09-16T03:59:02Z,1
R3CE8,2018-09-16T11:02:37Z,0
R52CD,2018-09-16T17:52:27Z,1
RFE80,2018-09-17T20:48:27Z,0
RCCB4,2018-09-18T13:01:10Z,0
R1906,2018-09-18T16:26:30Z,1
R1CD9,2018-09-19T08:45:52Z,0
RC345,2018-09-19T23:21:38Z,1
RB5E8,2018-09-20T13:33:46Z,1
R2DD9,2018-09-20T13:45:59Z,0
R6D61,2018-09-21T12:42:18Z,1
R5754,2018-09-21T15:13:09Z,1
RA877,2018-09-21T17:31:06Z,1
R94FB,2018-09-22T16:04:25Z,0
RDCEE,2018-09-24T01:40:43Z,0
R667B,2018-09-24T03:41:35Z,1
RB78C,2018-09-24T12:53:36Z,0
R909E,2018-09-24T18:05:58Z,1
R1075,2018-09-24T21:14:08Z,0
R25AC,2018-09-24T23:52:54Z,1
R60D1,2018-09-25T03:14:29Z,0
RE89C,2018-09-25T22:11:07Z,1
R23C2,2018-09-25T22:11:54Z,0
R4ABD,2018-09-26T04:49:20Z,0
RED42,2018-09-27T04:54:07Z,1
RCABD,2018-09-27T14:22:23Z,1
S9F83,2018-09-27T23:05:56Z,1
R6409,2018-09-27T23:30:25Z,1
RAF39,2018-09-28T04:50:31Z,1
SF566,2018-09-28T05:01:02Z,1
SF4A5,2018-09-28T14:21:16Z,1
RE6F3,2018-09-28T16:50:41Z,1
R216C,2018-09-28T20:17:17Z,0
RB921,2018-09-28T22:37:14Z,0
RBBBC,2018-10-02T20:43:17Z,0
R48E1,2018-10-03T14:01:31Z,1
RD066,2018-10-05T01:17:40Z,1
S1108,2018-10-07T07:54:51Z,1
RF212,2018-10-07T16:48:30Z,1
RD9FB,2018-10-08T20:50:31Z,0
R91ED,2018-10-09T22:49:46Z,1
RA994,2018-10-10T13:39:37Z,0
RFA17,2018-10-11T14:52:26Z,1
RA7C1,2018-10-12T10:45:25Z,1
RC7D1,2018-10-13T15:41:51Z,0
RF737,2018-10-13T19:11:06Z,1
R8AB6,2018-10-13T21:22:09Z,1
R3D34,2018-10-13T21:37:49Z,1
R8A6C,2018-10-14T08:14:21Z,1
R2FCF,2018-10-14T16:49:52Z,1
RAE1E,2018-10-15T09:40:39Z,0
R45CC,2018-10-15T19:12:00Z,1
R50BE,2018-10-16T12:57:21Z,1
SDAB6,2018-10-17T17:45:23Z,0
R1B97,2018-10-18T03:49:57Z,0
R8C2E,2018-10-18T06:35:45Z,1
RA2D5,2018-10-18T15:36:33Z,0
R7F57,2018-10-19T18:29:46Z,0
R6A9F,2018-10-19T18:55:12Z,0
R4CA2,2018-10-20T14:38:20Z,0
RE1A7,2018-10-21T22:30:13Z,1
SE8ED,2018-10-22T20:31:46Z,0
R34E4,2018-10-22T21:34:58Z,0
RBD3F,2018-10-23T02:54:44Z,1
R649B,2018-10-23T14:29:04Z,1
R767F,2018-10-23T17:24:27Z,1
R2524,2018-10-24T09:19:28Z,0
R0019,2018-10-25T10:04:43Z,0
RA53F,2018-10-26T19:12:25Z,0
R167F,2018-10-28T23:09:04Z,1
RD6E1,2018-11-01T11:36:54Z,1
R92ED,2018-11-02T12:59:28Z,0
RC951,2018-11-03T13:24:39Z,1
RAEC9,2018-11-04T22:14:22Z,0
RC20A,2018-11-05T20:00:00Z,1
R25EC,2018-11-05T21:26:36Z,1
R9951,2018-11-06T09:00:43Z,0
R2323,2018-11-07T13:01:15Z,1
RB15B,2018-11-07T20:57:42Z,0
RD349,2018-11-07T21:17:43Z,1
R441F,2018-11-08T00:28:33Z,1
R10DB,2018-11-08T10:45:15Z,1
RD351,2018-11-08T17:27:27Z,0
R914C,2018-11-09T14:59:31Z,1
R3868,2018-11-09T18:24:24Z,1
RC204,2018-11-09T20:31:29Z,0
RA048,2018-11-10T22:53:43Z,0
R640E,2018-11-14T16:40:50Z,1
R6881,2018-11-15T18:32:38Z,0
R3166,2018-11-17T12:43:03Z,0
R0EF4,2018-11-19T01:05:49Z,0
SDD01,2018-11-20T01:00:10Z,0
R9025,2018-11-20T12:26:25Z,0
R4BA9,2018-11-20T17:16:59Z,0
R6C38,2018-11-21T02:28:22Z,1
RD93E,2018-11-21T10:08:16Z,1
R9F14,2018-11-23T20:56:29Z,0
R9A6C,2018-11-25T10:34:04Z,0
R4B13,2018-11-25T22:46:42Z,1
R82BD,2018-11-26T17:04:37Z,1
R77E6,2018-11-27T04:16:13Z,0
R3F7F,2018-11-29T03:45:20Z,0
R7FE2,2018-11-29T20:21:12Z,0
RC373,2018-12-02T14:23:00Z,0
R4EB6,2018-12-03T10:48:04Z,1
RAE69,2018-12-03T15:45:33Z,0
R2798,2018-12-04T21:41:59Z,0
R79EF,2018-12-05T11:16:02Z,0
R71FE,2018-12-05T20:56:07Z,1
R4B3C,2018-12-05T23:35:47Z,1
R480A,2018-12-07T09:33:07Z,1
R413C,2018-12-07T14:19:12Z,0
R9F13,2018-12-10T16:10:08Z,1
RE580,2018-12-11T01:24:59Z,1
R3333,2018-12-11T10:56:29Z,1
RB99F,2018-12-11T10:59:20Z,1
R0D1A,2018-12-11T14:36:33Z,0
RB53D,2018-12-11T16:36:36Z,1
RC7DF,2018-12-11T20:29:27Z,0
RDDE1,2018-12-12T02:11:27Z,0
R0353,2018-12-12T15:14:52Z,1
R0F40,2018-12-13T20:31:52Z,0
R0320,2018-12-14T08:48:45Z,1
R3774,2018-12-14T11:07:55Z,1
RCDDE,2018-12-14T14:05:54Z,1
RA6CA,2018-12-15T00:13:12Z,0
R076D,2018-12-15T08:25:38Z,0
R548C,2018-12-15T21:52:48Z,1
R3D56,2018-12-15T22:37:35Z,0
R8D5C,2018-12-18T07:23:58Z,1
REAF3,2018-12-18T07:49:17Z,1
R7C0A,2018-12-18T09:54:12Z,1
R30FE,2018-12-18T12:19:39Z,0
R4A0F,2018-12-18T15:10:39Z,1
RABF3,2018-12-19T03:25:12Z,0
RFE9F,2018-12-19T03:36:52Z,0
R73A5,2018-12-19T08:55:28Z,1
R4977,2018-12-19T11:04:03Z,0
R7580,2018-12-19T15:05:12Z,0
RCB92,2018-12-19T19:09:12Z,0
RACDD,2018-12-20T04:55:51Z,0
R95B0,2018-12-20T18:32:51Z,1
R250D,2018-12-20T19:35:40Z,1
R7FA5,2018-12-21T03:45:26Z,1
R3334,2018-12-21T21:48:00Z,0
R8795,2018-12-22T14:34:04Z,0
R2AEB,2018-12-22T22:06:48Z,1
RC583,2018-12-23T21:13:07Z,0
R30EE,2018-12-23T23:15:52Z,0
RC865,2018-12-25T01:07:47Z,1
R28F8,2018-12-25T20:20:32Z,1
R617F,2018-12-25T21:11:40Z,1
R0F46,2018-12-26T01:14:09Z,1
R5365,2018-12-26T02:39:34Z,1
RA111,2018-12-27T23:22:47Z,1
R83F4,2018-12-28T15:14:17Z,0
RD5F3,2018-12-29T00:38:34Z,0
R6E20,2018-12-29T02:32:16Z,1
REDDF,2018-12-31T05:59:35Z,0
R2F34,2018-12-31T08:17:14Z,0
RBBFB,2018-12-31T15:30:36Z,0
R8432,2018-12-31T19:14:53Z,1
RC121,2019-01-02T08:31:02Z,1
R2264,2019-01-03T03:40:21Z,1
RA47D,2019-01-03T16:09:17Z,0
R5CD0,2019-01-04T02:46:10Z,1
R8A3D,2019-01-05T19:03:21Z,1
R6A7F,2019-01-08T12:53:24Z,1
RA52C,2019-01-08T14:31:02Z,1
R30E2,2019-01-08T17:08:35Z,0
RAB5B,2019-01-09T13:41:21Z,0
R49B6,2019-01-09T18:14:53Z,1
R899B,2019-01-09T18:43:14Z,0
R5637,2019-01-09T20:02:16Z,0
RF9FE,2019-01-10T04:18:06Z,0
R2AFD,2019-01-10T17:19:56Z,0
R814C,2019-01-10T17:23:39Z,0
R3EEE,2019-01-10T19:56:13Z,0
R8282,2019-01-10T21:38:04Z,1
R2D97,2019-01-10T23:25:19Z,0
RB5D4,2019-01-11T03:32:29Z,0
R17FF,2019-01-11T22:19:36Z,0
R308F,2019-01-12T13:29:41Z,1
RC75F,2019-01-13T06:58:35Z,0
R6136,2019-01-14T16:54:27Z,0
R6B0F,2019-01-14T18:01:00Z,0
R11C8,2019-01-16T01:59:07Z,0
RB822,2019-01-16T15:06:45Z,1
R05A5,2019-01-16T16:28:47Z,1
R8C41,2019-01-16T17:53:43Z,0
R2EE0,2019-01-16T19:52:37Z,0
RA2F0,2019-01-17T01:35:04Z,0
R4955,2019-01-17T03:12:41Z,0
R2D80,2019-01-17T12:12:42Z,1
R897D,2019-01-17T18:16:44Z,1
R58F1,2019-01-18T14:02:29Z,0
RED33,2019-01-18T17:56:17Z,0
RE52F,2019-01-18T22:36:01Z,1
R830F,2019-01-19T17:33:32Z,1
R7A15,2019-01-20T14:46:35Z,0
RD14A,2019-01-21T10:04:30Z,1
RA659,2019-01-21T12:55:25Z,0
R2ABA,2019-01-21T19:22:56Z,0
RA310,2019-01-21T23:54:46Z,0
R98DD,2019-01-22T01:20:10Z,1
R2D6D,2019-01-22T09:44:48Z,0
R73EC,2019-01-22T14:06:46Z,0
R7A5F,2019-01-23T12:48:48Z,0
RE7D0,2019-01-23T15:41:58Z,0
R4DE2,2019-01-23T16:44:18Z,1
RF6F5,2019-01-23T19:51:52Z,0
R1529,2019-01-24T06:50:13Z,0
R80C2,2019-01-24T15:43:16Z,0
RA499,2019-01-25T04:19:04Z,0
R2FF1,2019-01-25T05:10:46Z,0
R79D9,2019-01-25T10:35:24Z,1
R75B2,2019-01-25T13:58:48Z,0
R4E40,2019-01-26T16:26:52Z,0
R6A3B,2019-01-26T19:02:29Z,1
RFFD2,2019-01-27T20:07:41Z,1
R9C27,2019-01-28T02:32:54Z,0
RB969,2019-01-28T18:25:03Z,1
R291C,2019-01-29T12:14:01Z,1
R2941,2019-01-30T03:15:25Z,0
RFD80,2019-01-30T04:05:55Z,1
RFA6E,2019-01-30T14:08:02Z,1
R073F,2019-01-30T16:09:39Z,0
RE87E,2019-01-30T16:24:02Z,1
R4AF8,2019-01-30T18:11:35Z,0
R3F94,2019-01-30T20:29:52Z,1
RE0A7,2019-01-31T13:22:50Z,1
R0CC5,2019-01-31T17:53:35Z,1
RB52A,2019-01-31T19:18:09Z,1
R1B21,2019-02-01T17:25:00Z,0
RBD93,2019-02-02T00:30:44Z,1
REA57,2019-02-02T03:46:48Z,0
R0318,2019-02-03T02:23:08Z,1
R150F,2019-02-03T14:29:27Z,1
RFB08,2019-02-03T16:24:00Z,1
R7CA8,2019-02-04T04:53:57Z,0
R9EA0,2019-02-04T15:43:13Z,1
R6D74,2019-02-05T02:28:48Z,1
R4D65,2019-02-05T18:10:01Z,0
R95E6,2019-02-06T09:24:01Z,1
R0220,2019-02-06T12:23:30Z,1
R427E,2019-02-06T14:35:29Z,1
RDF12,2019-02-06T16:21:59Z,0
RFAD2,2019-02-06T16:49:57Z,1
R2E1D,2019-02-06T21:25:13Z,1
RD07C,2019-02-06T21:44:30Z,0
RCFEC,2019-02-07T05:13:30Z,0
R890B,2019-02-07T12:10:32Z,0
R62F8,2019-02-07T18:06:52Z,1
R4578,2019-02-07T23:20:36Z,0
R30D5,2019-02-08T11:16:05Z,0
S63B4,2019-02-08T17:41:33Z,1
RE154,2019-02-08T22:12:12Z,0
R44A7,2019-02-10T02:44:54Z,0
RE64A,2019-02-10T02:56:27Z,0
R87F8,2019-02-11T01:18:12Z,1
RE998,2019-02-11T04:09:22Z,1
RF5BC,2019-02-11T14:25:00Z,1
R7266,2019-02-11T15:50:44Z,1
R9371,2019-02-11T17:27:08Z,0
RF90E,2019-02-11T19:01:00Z,0
RCC68,2019-02-11T21:15:10Z,1
R5B3B,2019-02-12T00:23:24Z,0
RD56D,2019-02-12T03:23:40Z,0
R5936,2019-02-12T04:14:04Z,0
R907E,2019-02-13T05:25:58Z,1
RC2BD,2019-02-13T17:43:29Z,0
R246D,2019-02-14T08:33:49Z,1
RAE6A,2019-02-14T20:28:31Z,1
RFFD9,2019-02-15T11:23:55Z,1
R9D74,2019-02-15T14:42:43Z,1
R9DBD,2019-02-15T15:19:55Z,1
RA322,2019-02-16T17:30:18Z,1
R13E1,2019-02-17T03:12:40Z,0
RA617,2019-02-17T16:38:22Z,0
R6722,2019-02-20T14:40:49Z,0
RF9D6,2019-02-22T17:00:45Z,1
RDA29,2019-02-22T17:15:15Z,0
RE228,2019-02-22T22:01:54Z,0
SEB39,2019-02-23T11:22:00Z,1
R17B2,2019-02-23T19:47:18Z,0
R79D5,2019-02-23T22:48:32Z,1
R20C9,2019-02-26T10:08:08Z,0
R3900,2019-02-26T17:57:13Z,0
RFF6D,2019-02-27T04:35:14Z,0
RF6B5,2019-02-27T16:24:51Z,0
RBFB7,2019-02-27T17:04:49Z,1
RBEF9,2019-03-01T09:56:24Z,0
R7268,2019-03-02T02:35:20Z,1
R2683,2019-03-02T04:25:33Z,1
R58D8,2019-03-03T22:00:25Z,1
R1CCE,2019-03-04T21:44:28Z,1
S9CA3,2019-03-05T14:34:08Z,0
R1B4E,2019-03-05T17:19:38Z,1
R3DD0,2019-03-06T01:59:42Z,0
R1EDE,2019-03-06T23:52:21Z,0
R92E0,2019-03-08T12:28:34Z,1
RF7E5,2019-03-09T13:12:37Z,1
RE8DB,2019-03-09T19:51:43Z,1
R1987,2019-03-11T22:37:04Z,1
R7164,2019-03-12T06:18:57Z,0
RDC26,2019-03-12T16:49:45Z,1
S4051,2019-03-13T18:51:06Z,1
R7D5E,2019-03-13T21:16:15Z,0
R3EE8,2019-03-14T03:03:33Z,1
R55F8,2019-03-14T03:10:54Z,1
R5871,2019-03-14T17:46:25Z,0
REBE1,2019-03-14T19:04:30Z,0
R2043,2019-03-14T22:20:01Z,0
R0352,2019-03-15T01:41:53Z,1
R1650,2019-03-15T18:45:04Z,0
R9A9C,2019-03-16T12:34:59Z,1
R1923,2019-03-16T20:22:57Z,0
R77C3,2019-03-17T15:59:46Z,1
R374C,2019-03-18T10:49:51Z,0
R03EA,2019-03-18T19:46:35Z,1
R12E0,2019-03-18T20:26:34Z,0
RBC24,2019-03-18T20:37:25Z,1
R8181,2019-03-19T05:13:33Z,0
RC6D0,2019-03-19T10:10:53Z,0
R09EE,2019-03-21T00:25:24Z,1
RE81A,2019-03-21T03:18:38Z,0
R4141,2019-03-21T15:56:32Z,0
REBDD,2019-03-21T16:30:35Z,0
RE443,2019-03-21T21:35:48Z,1
RE4AA,2019-03-22T03:09:28Z,1
R4BB0,2019-03-22T15:52:56Z,0
RCDB4,2019-03-22T21:49:01Z,0
R79C9,2019-03-24T11:00:37Z,0
R0C73,2019-03-25T22:54:15Z,1
R97BF,2019-03-27T19:05:40Z,0
R766B,2019-03-27T19:52:08Z,0
R1D8F,2019-03-28T00:53:25Z,1
R791F,2019-03-28T01:47:29Z,1
R8B7C,2019-03-28T02:23:12Z,0
R1E40,2019-03-28T03:14:06Z,0
RDE22,2019-03-28T08:11:21Z,0
R1FCF,2019-03-28T14:15:08Z,1
RA9E2,2019-03-28T23:10:10Z,1
R2837,2019-03-29T01:14:50Z,0
R6BB7,2019-03-29T15:55:49Z,1
R4495,2019-03-29T16:56:08Z,1
R6F15,2019-03-29T20:22:16Z,1
R5BCC,2019-03-30T15:16:15Z,0
R9627,2019-04-02T07:01:36Z,1
R17B9,2019-04-02T08:18:08Z,0
RCDFA,2019-04-02T14:54:22Z,1
R38D9,2019-04-02T21:31:36Z,1
R092F,2019-04-03T15:02:59Z,0
RA43F,2019-04-04T09:17:46Z,0
RBF0E,2019-04-04T15:18:04Z,1
R3494,2019-04-04T17:34:49Z,1
RB36D,2019-04-06T12:48:45Z,0
R717F,2019-04-07T10:39:29Z,1
R8897,2019-04-07T20:48:06Z,1
RDCA5,2019-04-07T23:22:51Z,0
R7390,2019-04-08T18:55:35Z,0
R909F,2019-04-08T23:00:27Z,1
R9DAC,2019-04-09T00:03:38Z,1
RF128,2019-04-09T00:23:06Z,0
R9AE6,2019-04-09T00:42:51Z,1
RC9EB,2019-04-09T01:12:56Z,1
R86AD,2019-04-09T16:01:48Z,0
RF1CF,2019-04-09T19:42:38Z,1
R4A19,2019-04-09T20:47:12Z,0
RD501,2019-04-09T23:31:22Z,1
RE9E7,2019-04-10T16:01:38Z,0
RBD11,2019-04-10T18:39:57Z,0
RDBE0,2019-04-10T23:23:34Z,1
R4E13,2019-04-11T15:31:06Z,0
R3B01,2019-04-12T18:44:45Z,1
REFF7,2019-04-13T13:11:31Z,1
RA564,2019-04-14T11:13:58Z,1
R3F9B,2019-04-14T18:38:03Z,1
R2CA4,2019-04-15T00:32:12Z,1
R286C,2019-04-15T02:02:14Z,1
R0CEA,2019-04-16T08:20:48Z,1
R6FA0,2019-04-16T17:52:49Z,0
R10A9,2019-04-16T19:24:27Z,0
RDCDD,2019-04-16T20:19:58Z,1
R4C1A,2019-04-16T20:39:32Z,1
R3121,2019-04-17T16:00:14Z,0
R5522,2019-04-18T09:19:52Z,1
R0F23,2019-04-19T12:50:10Z,1
RBC8B,2019-04-20T18:59:59Z,0
R04C9,2019-04-20T20:38:56Z,1
R3566,2019-04-20T20:46:27Z,0
RB58F,2019-04-21T01:04:45Z,0
R5DAA,2019-04-22T04:52:30Z,1
S8618,2019-04-22T11:16:00Z,0
RB3BC,2019-04-22T18:54:23Z,1
R2880,2019-04-23T03:23:31Z,0
R7143,2019-04-23T21:00:49Z,1
R2513,2019-04-24T13:22:53Z,0
RD878,2019-04-24T19:05:15Z,1
RA984,2019-04-25T16:13:14Z,1
R732B,2019-04-26T03:15:48Z,1
RD7E6,2019-04-26T09:50:08Z,1
R4750,2019-04-26T18:01:05Z,0
R7173,2019-04-27T06:59:59Z,1
RDC7A,2019-04-27T18:09:43Z,1
R98E6,2019-04-27T18:58:00Z,1
R6392,2019-04-27T20:16:02Z,0
RBB7B,2019-04-28T04:04:45Z,1
RE1CC,2019-04-28T09:20:34Z,1
RE93F,2019-04-29T05:52:37Z,1
RD399,2019-04-29T17:06:15Z,0
RA71B,2019-04-30T14:05:52Z,1
R0AEF,2019-04-30T14:52:32Z,1
R038D,2019-05-01T13:31:43Z,1
RD1F4,2019-05-01T15:52:30Z,1
S2D97,2019-05-02T11:12:04Z,1
R2AE2,2019-05-03T12:08:46Z,1
R352D,2019-05-03T15:47:24Z,1
REB59,2019-05-03T21:45:21Z,1
RB6C6,2019-05-04T05:46:27Z,1
R43A3,2019-05-04T12:27:27Z,1
RE4EB,2019-05-05T07:53:34Z,0
RCCCC,2019-05-05T12:39:48Z,1
RD184,2019-05-06T15:45:45Z,1
R51F6,2019-05-07T11:58:06Z,1
RBA2A,2019-05-07T15:34:47Z,1
R6EC4,2019-05-08T16:40:10Z,1
RA08A,2019-05-08T20:27:45Z,0
RAE23,2019-05-09T03:21:03Z,0
R8C46,2019-05-09T09:15:55Z,0
RCE32,2019-05-10T19:51:31Z,0
R417B,2019-05-11T20:09:50Z,0
S8086,2019-05-14T11:11:15Z,1
R61AC,2019-05-16T10:35:52Z,0
R53C0,2019-05-16T19:47:39Z,1
R0333,2019-05-18T18:01:48Z,1
RAF5D,2019-05-19T15:45:38Z,0
RF25A,2019-05-21T06:19:47Z,1
R8328,2019-05-21T10:53:01Z,1
RAB7B,2019-05-21T14:28:47Z,1
RAC0A,2019-05-22T20:54:59Z,1
R22F5,2019-05-23T17:36:49Z,0
R730D,2019-05-26T03:08:54Z,1
R522C,2019-05-26T13:33:56Z,1
R179D,2019-05-28T10:34:34Z,1
RB537,2019-05-28T17:43:34Z,1
R208C,2019-05-28T21:29:54Z,1
RDD02,2019-05-28T21:50:29Z,1
RD25C,2019-05-28T23:02:26Z,0
R70FF,2019-05-30T00:06:51Z,1
R8899,2019-05-30T19:10:23Z,0
RC2BF,2019-05-31T04:02:55Z,1
R0BEF,2019-06-02T06:02:17Z,1
R1ADD,2019-06-03T14:28:08Z,0
R9CAE,2019-06-04T07:00:04Z,0
R89A5,2019-06-04T15:26:51Z,1
R84AD,2019-06-04T23:34:42Z,0
R18CE,2019-06-05T18:44:21Z,1
R176D,2019-06-06T02:18:01Z,1
RC0C5,2019-06-06T06:23:55Z,0
R9F16,2019-06-06T06:33:01Z,1
R0695,2019-06-06T14:40:34Z,0
RE1D6,2019-06-06T18:15:22Z,1
RF825,2019-06-07T19:48:42Z,1
RE791,2019-06-07T19:53:59Z,1
R16DA,2019-06-08T03:43:47Z,1
R3C2B,2019-06-08T20:42:46Z,1
R359E,2019-06-10T17:11:36Z,1
RED22,2019-06-11T08:57:12Z,1
R6F0D,2019-06-11T08:57:31Z,1
REBBE,2019-06-11T11:50:33Z,0
R66C4,2019-06-11T13:21:23Z,0
R0B08,2019-06-11T19:06:50Z,1
R11F5,2019-06-12T09:56:10Z,1
R8177,2019-06-12T15:54:31Z,0
R0F60,2019-06-12T16:01:20Z,1
R2508,2019-06-13T02:29:12Z,1
RAC3B,2019-06-13T21:43:05Z,0
RB1D6,2019-06-14T10:14:02Z,1
R852C,2019-06-14T11:38:35Z,1
R091F,2019-06-14T22:34:37Z,1
RD678,2019-06-17T08:37:52Z,1
R6B6E,2019-06-17T17:40:43Z,1
R4B63,2019-06-17T18:14:02Z,1
RCF63,2019-06-18T06:49:26Z,1
R5768,2019-06-18T19:49:33Z,1
R56F1,2019-06-18T20:36:26Z,0
S0CBB,2019-06-19T04:31:06Z,1
R1C03,2019-06-24T12:34:30Z,0
S2625,2019-06-24T16:09:06Z,1
R75C2,2019-06-24T21:31:54Z,1
R826C,2019-06-24T22:35:51Z,0
R90B3,2019-06-24T22:46:05Z,1
RE9A7,2019-06-25T00:56:54Z,1
R1D10,2019-06-25T21:55:50Z,1
R4F5A,2019-06-26T16:05:30Z,0
R5AB2,2019-06-27T19:19:27Z,1
R0664,2019-06-28T13:03:07Z,1
RFD43,2019-06-29T11:37:41Z,1
R5331,2019-06-29T15:29:39Z,0
RC54F,2019-06-30T07:43:50Z,0
R0174,2019-06-30T14:58:18Z,0
RC5F1,2019-06-30T17:05:41Z,1
R9592,2019-06-30T18:44:40Z,1
RBE9C,2019-07-01T21:07:35Z,1
RBF42,2019-07-03T01:17:32Z,1
R351B,2019-07-03T04:23:37Z,1
REC8D,2019-07-03T09:28:58Z,1
REFFB,2019-07-03T19:50:16Z,1
RCC6E,2019-07-03T20:18:39Z,1
R976A,2019-07-03T22:01:10Z,1
R6324,2019-07-04T18:58:55Z,1
RC288,2019-07-06T22:17:36Z,0
RA5F2,2019-07-07T00:04:54Z,0
R4FF5,2019-07-07T21:49:43Z,1
RAA21,2019-07-09T14:27:54Z,1
RDC44,2019-07-09T19:01:07Z,1
R4C5A,2019-07-10T15:13:22Z,0
R93B1,2019-07-10T20:43:58Z,0
RFF8B,2019-07-10T23:01:25Z,1
RB0FA,2019-07-11T01:29:06Z,1
R7071,2019-07-11T08:59:14Z,0
RDD8D,2019-07-11T10:17:13Z,0
RA887,2019-07-11T17:53:13Z,0
RBEA3,2019-07-11T20:02:49Z,0
R50AD,2019-07-11T21:37:33Z,0
RF9DE,2019-07-11T22:12:13Z,1
R5456,2019-07-11T23:15:31Z,1
RFB1A,2019-07-12T08:21:49Z,0
R1049,2019-07-12T13:57:21Z,0
R595E,2019-07-12T16:38:42Z,1
RAE64,2019-07-12T18:56:32Z,1
R87AF,2019-07-12T20:09:19Z,0
R48DF,2019-07-13T22:39:29Z,1
RE635,2019-07-14T22:21:55Z,0
RAEE7,2019-07-15T13:48:30Z,0
RC155,2019-07-15T17:09:12Z,0
RB972,2019-07-15T19:12:30Z,1
R9A86,2019-07-16T08:30:23Z,1
RBEC2,2019-07-16T18:45:06Z,1
RFCA8,2019-07-16T18:51:09Z,1
R9596,2019-07-16T18:56:40Z,1
RAF6B,2019-07-17T00:32:33Z,1
R1EE2,2019-07-17T09:38:31Z,1
RCF38,2019-07-17T18:44:19Z,0
R2303,2019-07-17T19:01:45Z,1
R700A,2019-07-17T19:10:16Z,1
R21D1,2019-07-18T12:31:51Z,1
RA9CF,2019-07-18T14:31:44Z,0
S897D,2019-07-18T17:07:33Z,0
R0050,2019-07-18T17:07:45Z,0
R142A,2019-07-18T17:07:59Z,0
R4DE3,2019-07-18T17:08:11Z,0
R7B35,2019-07-18T17:08:24Z,0
RA906,2019-07-18T17:08:37Z,0
RF5A7,2019-07-18T17:08:50Z,0
RD660,2019-07-18T17:09:04Z,0
S5BCC,2019-07-18T17:09:15Z,0
R804D,2019-07-18T17:09:28Z,0
RA342,2019-07-18T17:09:55Z,0
RD23D,2019-07-19T04:54:10Z,1
R6A65,2019-07-20T02:11:33Z,0
RBCA6,2019-07-20T02:25:20Z,1
R34FA,2019-07-20T14:18:54Z,1
R9E86,2019-07-21T21:36:31Z,1
R1983,2019-07-22T06:17:18Z,1
R4484,2019-07-22T17:42:21Z,1
R25FC,2019-07-22T22:19:02Z,1
R350D,2019-07-22T22:26:05Z,1
RC79E,2019-07-23T04:13:58Z,1
R49F4,2019-07-23T07:25:42Z,1
RE34C,2019-07-25T13:42:12Z,0
RF8FF,2019-07-25T15:57:19Z,0
R3389,2019-07-25T16:47:48Z,0
R5528,2019-07-27T09:11:15Z,0
R8DE6,2019-07-27T15:34:39Z,1
R8869,2019-07-27T15:48:39Z,1
R40C1,2019-07-28T01:20:32Z,0
RC235,2019-07-28T02:21:46Z,1
R6012,2019-07-28T02:32:13Z,1
RA825,2019-07-28T23:26:24Z,1
R44F5,2019-07-29T08:08:20Z,0
RBE3F,2019-07-29T12:28:30Z,0
R3F1B,2019-07-29T21:15:44Z,1
R2DB4,2019-07-30T03:35:49Z,1
R5C7D,2019-07-30T08:28:43Z,0
R8CB3,2019-07-30T14:10:05Z,1
R2352,2019-07-30T20:04:36Z,1
RCCA9,2019-07-30T23:28:32Z,1
RAF99,2019-07-31T02:02:09Z,1
R63E7,2019-07-31T21:24:26Z,1
R185E,2019-07-31T22:24:55Z,1
R2DEF,2019-08-01T00:33:14Z,1
RF685,2019-08-01T14:34:29Z,1
R5B44,2019-08-02T12:53:52Z,1
RD7C1,2019-08-02T13:10:39Z,1
REF0D,2019-08-02T14:37:35Z,0
R187C,2019-08-02T17:37:01Z,1
RA77C,2019-08-02T17:40:52Z,1
R974C,2019-08-02T23:39:02Z,1
RFB24,2019-08-05T09:35:23Z,1
R3BCF,2019-08-05T14:42:55Z,0
R199D,2019-08-06T00:19:37Z,1
R87E1,2019-08-06T06:57:31Z,0
RA17E,2019-08-07T10:38:32Z,1
R0FCE,2019-08-08T15:19:57Z,1
RAA00,2019-08-09T13:47:24Z,1
RBE0A,2019-08-10T19:35:01Z,1
R7D80,2019-08-10T20:57:40Z,0
R3C71,2019-08-12T03:24:26Z,1
RE991,2019-08-12T04:34:15Z,1
R6F74,2019-08-12T12:35:59Z,1
R841B,2019-08-12T13:00:32Z,1
RB619,2019-08-13T15:38:25Z,0
R0808,2019-08-14T03:33:16Z,1
R3786,2019-08-15T03:37:03Z,0
R2A2B,2019-08-15T14:02:13Z,1
R1822,2019-08-15T14:57:39Z,0
R0ECF,2019-08-15T17:34:50Z,0
R0BBA,2019-08-16T01:51:06Z,1
R3118,2019-08-17T17:26:46Z,1
R240F,2019-08-20T06:11:11Z,1
R31B9,2019-08-20T20:28:21Z,0
RCD03,2019-08-21T04:30:27Z,1
R6F29,2019-08-21T05:45:26Z,0
R4355,2019-08-21T05:49:34Z,0
RCCD1,2019-08-21T19:43:49Z,1
R24FA,2019-08-23T14:33:15Z,1
R78EC,2019-08-23T14:51:21Z,1
R02DD,2019-08-23T14:52:40Z,1
R3C2D,2019-08-24T20:00:05Z,1
R4459,2019-08-25T18:12:02Z,0
R7184,2019-08-26T11:33:22Z,1
SA211,2019-08-26T23:52:34Z,1
RC4FB,2019-08-27T12:07:27Z,1
R1132,2019-08-27T18:33:38Z,1
R11AD,2019-08-28T05:22:29Z,1
R6F55,2019-08-28T13:09:18Z,1
R7CCE,2019-08-28T18:17:16Z,1
RCD29,2019-08-28T22:16:13Z,0
DARLAN,2019-08-29T20:01:04Z,0
R17FC,2019-08-29T22:46:34Z,1
R3D81,2019-08-30T21:19:14Z,0
R4B0F,2019-09-01T22:10:29Z,1
R7363,2019-09-02T21:29:13Z,1
RA406,2019-09-03T18:18:36Z,0
R99EA,2019-09-03T19:35:15Z,1
R5146,2019-09-03T20:04:21Z,0
R5478,2019-09-04T01:10:56Z,0
R9E4C,2019-09-04T15:44:02Z,1
R77AA,2019-09-05T21:43:16Z,1
R40AC,2019-09-05T23:55:59Z,1
R4277,2019-09-06T08:05:46Z,1
R30C9,2019-09-07T12:33:49Z,1
RF75C,2019-09-07T18:05:58Z,1
R3B5D,2019-09-08T08:21:05Z,0
R53B7,2019-09-08T23:20:04Z,0
R0AE9,2019-09-08T23:43:49Z,0
R0627,2019-09-08T23:57:58Z,0
R7FF8,2019-09-09T11:24:12Z,1
R25D6,2019-09-09T21:10:34Z,1
R8EFE,2019-09-10T14:10:25Z,0
R7971,2019-09-11T12:54:36Z,1
RDABA,2019-09-11T17:36:25Z,1
R7AD6,2019-09-11T18:10:28Z,1
R8891,2019-09-11T19:16:01Z,1
R8563,2019-09-12T15:17:14Z,0
RF4BA,2019-09-13T21:07:21Z,1
R1109,2019-09-15T03:46:33Z,1
R3191,2019-09-16T01:35:20Z,0
R69FC,2019-09-16T18:31:40Z,1
R52F3,2019-09-16T22:18:36Z,1
RFD42,2019-09-16T23:18:39Z,1
R7E86,2019-09-17T00:04:58Z,0
R3E0C,2019-09-17T16:43:47Z,1
RD6BB,2019-09-18T14:22:32Z,1
R45D7,2019-09-18T20:56:10Z,1
RD33A,2019-09-19T17:04:37Z,0
R7F64,2019-09-19T17:22:09Z,1
R62C3,2019-09-19T18:58:54Z,0
RD540,2019-09-19T19:59:38Z,1
R86B3,2019-09-19T20:24:04Z,0
RA0BA,2019-09-20T00:35:52Z,1
RA37B,2019-09-20T10:03:11Z,1
S0C34,2019-09-20T11:19:37Z,1
R1AE4,2019-09-20T11:41:09Z,1
RC052,2019-09-21T07:41:08Z,1
RA807,2019-09-23T18:27:38Z,1
R7568,2019-09-25T09:15:47Z,0
R232A,2019-09-25T12:07:49Z,0
R8D78,2019-09-25T15:11:39Z,0
RF082,2019-09-25T21:19:01Z,1
RF364,2019-09-27T11:28:09Z,1
R33A1,2019-09-27T12:36:11Z,1
R0229,2019-09-27T17:57:32Z,0
RB669,2019-09-28T03:40:53Z,1
RE0CC,2019-09-28T07:19:44Z,1
R45A8,2019-09-28T11:07:54Z,0
R8C84,2019-09-28T13:46:54Z,0
RCF56,2019-09-28T17:43:42Z,1
SA2B5,2019-09-28T23:20:28Z,1
R2062,2019-09-29T14:32:49Z,1
R23FF,2019-09-30T03:37:38Z,0
R7307,2019-09-30T21:22:23Z,0
R9FEE,2019-10-01T08:58:15Z,1
R5500,2019-10-01T13:12:53Z,0
R7885,2019-10-01T22:51:59Z,1
RBD7C,2019-10-02T08:15:34Z,1
R4002,2019-10-02T16:19:08Z,1
RAF16,2019-10-03T07:49:17Z,0
R0000,2019-10-03T12:59:36Z,0
R17E1,2019-10-03T17:11:05Z,1
R7141,2019-10-04T20:28:51Z,1
R5FE9,2019-10-05T00:59:45Z,1
RF562,2019-10-06T18:18:58Z,0
RC78F,2019-10-07T02:56:03Z,0
SA71B,2019-10-08T13:01:06Z,0
R7AF6,2019-10-08T19:49:50Z,0
S9E82,2019-10-09T14:21:52Z,0
RFC18,2019-10-10T02:42:57Z,1
R01C0,2019-10-10T10:03:23Z,1
R2A48,2019-10-10T11:22:46Z,0
R8FE8,2019-10-11T01:39:03Z,0
RB158,2019-10-11T15:30:05Z,1
R8667,2019-10-12T17:17:31Z,1
R71E0,2019-10-12T17:33:50Z,1
RCECA,2019-10-15T19:31:20Z,0
R013B,2019-10-16T12:09:15Z,1
RC848,2019-10-16T12:21:14Z,0
R9F18,2019-10-16T18:10:30Z,1
R2DE5,2019-10-16T22:02:27Z,1
RC304,2019-10-17T11:14:16Z,1
R0104,2019-10-17T23:40:43Z,0
RC4B6,2019-10-18T12:20:24Z,1
RCF46,2019-10-18T23:22:39Z,1
R0177,2019-10-20T12:14:31Z,1
S0C34,2019-10-21T09:59:29Z,1
R3109,2019-10-21T12:46:00Z,1
R09DA,2019-10-21T22:36:49Z,0
RB079,2019-10-21T22:43:44Z,1
R6843,2019-10-21T22:44:58Z,1
R63E2,2019-10-21T22:45:58Z,1
R928A,2019-10-21T22:47:20Z,1
R3286,2019-10-21T22:48:21Z,0
RB9EA,2019-10-22T01:37:36Z,0
R99D0,2019-10-22T18:10:41Z,1
R7F9F,2019-10-24T09:39:19Z,1
R98E1,2019-10-24T15:45:35Z,1
RAA60,2019-10-24T16:26:38Z,0
R4FB1,2019-10-24T16:57:53Z,1
RAB07,2019-10-26T00:39:27Z,1
R0B21,2019-10-26T04:49:24Z,1
R24AE,2019-10-26T22:48:30Z,1
SE650,2019-10-27T03:06:48Z,1
R4E7A,2019-10-27T09:47:23Z,0
R7CE4,2019-10-27T20:12:46Z,1
R168B,2019-10-28T03:46:56Z,0
R4D07,2019-10-28T09:30:03Z,1
R5D53,2019-10-28T18:26:20Z,1
RA764,2019-10-28T22:51:32Z,0
R4CE7,2019-10-29T02:14:33Z,1
R91C3,2019-10-29T03:40:53Z,0
R02F8,2019-10-29T04:13:52Z,1
RD8FC,2019-10-29T07:40:55Z,1
RBFF6,2019-10-29T18:13:49Z,1
R8D8E,2019-10-29T18:16:55Z,1
R27D9,2019-10-30T12:28:32Z,1
R6767,2019-10-31T12:55:53Z,1
R3B1E,2019-11-01T13:37:35Z,0
R269B,2019-11-01T16:17:25Z,0
R81E2,2019-11-02T02:22:40Z,1
R1BEF,2019-11-02T21:21:29Z,1
RFBE4,2019-11-04T23:20:28Z,1
R62B3,2019-11-05T11:04:03Z,1
R9AC0,2019-11-05T11:10:41Z,1
RDA39,2019-11-05T13:58:36Z,1
RB46B,2019-11-07T01:22:09Z,1
R7AD4,2019-11-07T14:31:30Z,1
S791F,2019-11-08T09:52:09Z,1
RD3AF,2019-11-08T14:03:33Z,1
RCCF4,2019-11-08T18:57:38Z,1
R741A,2019-11-08T20:13:58Z,1
R1309,2019-11-08T20:44:31Z,1
R54E5,2019-11-08T21:18:17Z,1
RF2C3,2019-11-08T21:43:16Z,1
RC383,2019-11-08T22:04:41Z,1
R6197,2019-11-08T22:36:51Z,1
RFA62,2019-11-08T22:48:20Z,1
R6314,2019-11-09T05:55:30Z,1
R97E1,2019-11-09T16:11:44Z,1
S49FD,2019-11-09T16:47:42Z,1
